Antonio Brown,0
Mike Evans,1
Julio Jones,2
Odell Beckham Jr.,3
Alshon Jeffery,4
Larry Fitzgerald,5
A.J. Green,6
Demaryius Thomas,7
Jordy Nelson,8
Emmanuel Sanders,9
Michael Thomas,10
Brandin Cooks,11
Jarvis Landry,12
Brandon Marshall,13
Tyrell Williams,14
Kelvin Benjamin,15
Stefon Diggs,16
Dez Bryant,17
Jordan Matthews,18
Randall Cobb,19
Steve Smith,20
Allen Robinson,21
DeAndre Hopkins,22
Terrelle Pryor,23
Kenny Britt,24
Julian Edelman,25
Ty Montgomery,26
J.J. Nelson,27
Jamison Crowder,28
Doug Baldwin,29
Mike Wallace,30
Davante Adams,31
Rishard Matthews,32
Dontrelle Inman,33
Sterling Shepard,34
John Brown,35
Willie Snead,36
Sammie Coates,37
Kendall Wright,38
Corey Coleman,39
Mohamed Sanu,40
Cameron Meredith,41
Cole Beasley,42
Quincy Enunwa,43
Eli Rogers,44
Will Fuller,45
Chris Conley,46
Brandon LaFell,47
Tavon Austin,48
Marqise Lee,49
Adam Humphries,50
Brian Quick,51
Allen Hurns,52
Devante Parker,53
Chris Hogan,54
Kenny Stills,55
Nelson Agholor,56
Pierre Garcon,57
Tyler Lockett,58
Cordarrelle Patterson,59
Tyreek Hill,60
Torrey Smith,61
Adam Thielen,62
Jermaine Kearse,63
Michael Floyd,64
Tajae Sharpe,65
Terrance Williams,66
Dorial Green-Beckham,67
