2547.78,95.4615
21.4514
aaron rodgers,demarco murray,devonta freeman,thomas rawls,terrelle pryor,brandon marshall,mike wallace,gary barnidge,denver,
tom brady,demarco murray,rashad jennings,tevin coleman,amari cooper,kelvin benjamin,mike wallace,charles clay,new orleans,
aaron rodgers,devonta freeman,rashad jennings,tevin coleman,amari cooper,allen robinson,tyler boyd,greg olsen,cincinnati,
tom brady,jeremy hill,carlos hyde,thomas rawls,amari cooper,kelvin benjamin,mike wallace,travis kelce,denver,
marcus mariota,david johnson,jeremy hill,thomas rawls,kelvin benjamin,brandon marshall,tyler boyd,greg olsen,cincinnati,
aaron rodgers,jeremy hill,rashad jennings,doug martin,allen robinson,terrelle pryor,kelvin benjamin,tyler eifert,denver,
tom brady,jeremy hill,todd gurley,thomas rawls,terrelle pryor,deandre hopkins,mike wallace,greg olsen,denver,
aaron rodgers,devonta freeman,rashad jennings,doug martin,terrelle pryor,kelvin benjamin,mike wallace,tyler eifert,denver,
cam newton,rashad jennings,thomas rawls,isaiah crowell,amari cooper,allen robinson,mike wallace,greg olsen,new orleans,
ryan fitzpatrick,david johnson,demarco murray,carlos hyde,terrelle pryor,mike wallace,steve smith,charles clay,tennessee,
aaron rodgers,melvin gordon,jeremy hill,rashad jennings,terrelle pryor,brandon marshall,mike wallace,tyler eifert,new orleans,
cam newton,david johnson,carlos hyde,thomas rawls,deandre hopkins,mike wallace,tyler boyd,greg olsen,cincinnati,
aaron rodgers,melvin gordon,jeremy hill,rashad jennings,allen robinson,deandre hopkins,mike wallace,tyler eifert,cincinnati,
aaron rodgers,devonta freeman,rashad jennings,tevin coleman,amari cooper,terrelle pryor,mike wallace,greg olsen,cincinnati,
cam newton,carlos hyde,rashad jennings,doug martin,allen robinson,kelvin benjamin,mike wallace,greg olsen,denver,
cam newton,david johnson,jeremy hill,tevin coleman,amari cooper,brandon marshall,deandre hopkins,tyler eifert,new orleans,
tom brady,melvin gordon,rashad jennings,tevin coleman,brandon marshall,deandre hopkins,mike wallace,tyler eifert,denver,
tom brady,melvin gordon,rashad jennings,kelvin benjamin,brandon marshall,mike wallace,greg olsen,gary barnidge,tennessee,
aaron rodgers,carlos hyde,rashad jennings,tevin coleman,odell beckham,deandre hopkins,mike wallace,travis kelce,new orleans,
aaron rodgers,david johnson,devonta freeman,jeremy hill,terrelle pryor,mike wallace,steve smith,charles clay,cincinnati,
aaron rodgers,demarco murray,rashad jennings,thomas rawls,terrelle pryor,mike wallace,kenny britt,travis kelce,tennessee,
ryan fitzpatrick,david johnson,devonta freeman,thomas rawls,terrelle pryor,deandre hopkins,mike wallace,travis kelce,denver,
aaron rodgers,demarco murray,rashad jennings,doug martin,amari cooper,allen robinson,tyler boyd,gary barnidge,cincinnati,
cam newton,demarco murray,devonta freeman,thomas rawls,brandon marshall,mike wallace,steve smith,greg olsen,new orleans,
tom brady,david johnson,jeremy hill,allen robinson,deandre hopkins,devante parker,greg olsen,jared cook,jacksonville,
aaron rodgers,david johnson,jeremy hill,tevin coleman,terrelle pryor,deandre hopkins,tyler boyd,tyler eifert,tennessee,
cam newton,david johnson,jeremy hill,devontae booker,mike wallace,kenny britt,steve smith,greg olsen,cincinnati,
aaron rodgers,melvin gordon,jeremy hill,thomas rawls,terrelle pryor,mike wallace,tyler boyd,travis kelce,denver,
cam newton,david johnson,jeremy hill,devontae booker,mike wallace,kenny britt,steve smith,greg olsen,cincinnati,
tom brady,melvin gordon,rashad jennings,thomas rawls,terrelle pryor,kelvin benjamin,mike wallace,gary barnidge,tennessee,
cam newton,jeremy hill,rashad jennings,thomas rawls,odell beckham,terrelle pryor,mike wallace,tyler eifert,tennessee,
aaron rodgers,demarco murray,rashad jennings,thomas rawls,amari cooper,deandre hopkins,tyler boyd,tyler eifert,cincinnati,
tom brady,rashad jennings,thomas rawls,devontae booker,allen robinson,terrelle pryor,mike wallace,greg olsen,new orleans,
aaron rodgers,devonta freeman,todd gurley,thomas rawls,terrelle pryor,deandre hopkins,mike wallace,greg olsen,tennessee,
aaron rodgers,jeremy hill,rashad jennings,thomas rawls,odell beckham,allen robinson,mike wallace,gary barnidge,tennessee,
blake bortles,carlos hyde,thomas rawls,tevin coleman,odell beckham,kelvin benjamin,mike wallace,greg olsen,denver,
aaron rodgers,demarco murray,thomas rawls,devontae booker,kelvin benjamin,mike wallace,steve smith,greg olsen,cincinnati,
aaron rodgers,rashad jennings,thomas rawls,doug martin,terrelle pryor,mike wallace,kenny britt,greg olsen,denver,
tom brady,jeremy hill,carlos hyde,thomas rawls,amari cooper,kelvin benjamin,mike wallace,travis kelce,denver,
ryan fitzpatrick,david johnson,devonta freeman,thomas rawls,terrelle pryor,deandre hopkins,mike wallace,travis kelce,denver,
aaron rodgers,david johnson,jeremy hill,rashad jennings,amari cooper,mike wallace,tyler boyd,charles clay,cincinnati,
aaron rodgers,melvin gordon,devonta freeman,tevin coleman,allen robinson,deandre hopkins,tyler boyd,gary barnidge,denver,
ryan fitzpatrick,david johnson,demarco murray,rashad jennings,terrelle pryor,mike wallace,kenny britt,charles clay,tennessee,
tom brady,demarco murray,thomas rawls,tevin coleman,allen robinson,brandon marshall,mike wallace,travis kelce,denver,
cam newton,david johnson,demarco murray,james starks,kelvin benjamin,deandre hopkins,mike wallace,gary barnidge,cincinnati,
blake bortles,melvin gordon,jeremy hill,thomas rawls,amari cooper,terrelle pryor,deandre hopkins,travis kelce,denver,
aaron rodgers,melvin gordon,jeremy hill,rashad jennings,terrelle pryor,brandon marshall,mike wallace,tyler eifert,new orleans,
aaron rodgers,devonta freeman,carlos hyde,rashad jennings,odell beckham,brandon marshall,mike wallace,gary barnidge,cincinnati,
blake bortles,david johnson,jeremy hill,rashad jennings,terrelle pryor,deandre hopkins,mike wallace,greg olsen,new orleans,
aaron rodgers,demarco murray,carlos hyde,tevin coleman,allen robinson,terrelle pryor,mike wallace,gary barnidge,denver,

2506.75,95.0124
21.1209
blake bortles,melvin gordon,carlos hyde,thomas rawls,allen robinson,terrelle pryor,mike wallace,travis kelce,denver,
tom brady,devonta freeman,jeremy hill,amari cooper,allen robinson,deandre hopkins,mike wallace,travis kelce,tennessee,
ryan fitzpatrick,david johnson,demarco murray,rashad jennings,terrelle pryor,mike wallace,steve smith,charles clay,new orleans,
cam newton,jeremy hill,rashad jennings,tevin coleman,odell beckham,allen robinson,brandon marshall,travis kelce,denver,
aaron rodgers,david johnson,rashad jennings,thomas rawls,terrelle pryor,mike wallace,kenny britt,charles clay,cincinnati,
aaron rodgers,jeremy hill,carlos hyde,rashad jennings,odell beckham,allen robinson,tyler boyd,gary barnidge,new orleans,
blake bortles,devonta freeman,jeremy hill,todd gurley,odell beckham,kelvin benjamin,deandre hopkins,tyler eifert,tennessee,
cam newton,david johnson,devontae booker,tevin coleman,amari cooper,allen robinson,mike wallace,charles clay,tennessee,
aaron rodgers,melvin gordon,rashad jennings,thomas rawls,terrelle pryor,brandon marshall,deandre hopkins,travis kelce,tennessee,
aaron rodgers,david johnson,jeremy hill,thomas rawls,kelvin benjamin,deandre hopkins,mike wallace,travis kelce,cincinnati,
aaron rodgers,david johnson,carlos hyde,thomas rawls,brandon marshall,mike wallace,steve smith,travis kelce,cincinnati,
ryan fitzpatrick,david johnson,demarco murray,tevin coleman,allen robinson,kelvin benjamin,tyler boyd,tyler eifert,cincinnati,
aaron rodgers,demarco murray,rashad jennings,tevin coleman,terrelle pryor,mike wallace,steve smith,greg olsen,tennessee,
cam newton,david johnson,devonta freeman,james starks,amari cooper,kelvin benjamin,mike wallace,charles clay,jacksonville,
aaron rodgers,demarco murray,rashad jennings,tevin coleman,amari cooper,mike wallace,steve smith,tyler eifert,tennessee,
blake bortles,melvin gordon,carlos hyde,thomas rawls,terrelle pryor,brandon marshall,deandre hopkins,greg olsen,denver,
ryan fitzpatrick,david johnson,rashad jennings,doug martin,allen robinson,terrelle pryor,mike wallace,tyler eifert,new orleans,
aaron rodgers,melvin gordon,jeremy hill,rashad jennings,terrelle pryor,brandon marshall,mike wallace,tyler eifert,new orleans,
aaron rodgers,rashad jennings,thomas rawls,doug martin,allen robinson,kelvin benjamin,deandre hopkins,greg olsen,new orleans,
blake bortles,devonta freeman,rashad jennings,doug martin,odell beckham,terrelle pryor,mike wallace,tyler eifert,tennessee,
blake bortles,jeremy hill,todd gurley,tevin coleman,odell beckham,terrelle pryor,kelvin benjamin,greg olsen,tennessee,
ryan fitzpatrick,david johnson,devonta freeman,rashad jennings,amari cooper,brandon marshall,tyler boyd,tyler eifert,new orleans,
aaron rodgers,jeremy hill,carlos hyde,rashad jennings,julio jones,mike wallace,tyler boyd,greg olsen,cincinnati,
tom brady,devonta freeman,jeremy hill,amari cooper,allen robinson,deandre hopkins,mike wallace,travis kelce,tennessee,
aaron rodgers,demarco murray,jeremy hill,rashad jennings,terrelle pryor,brandon marshall,deandre hopkins,travis kelce,denver,
blake bortles,melvin gordon,rashad jennings,devontae booker,allen robinson,terrelle pryor,mike wallace,greg olsen,tennessee,
ryan fitzpatrick,david johnson,devonta freeman,rashad jennings,kelvin benjamin,mike wallace,steve smith,greg olsen,cincinnati,
aaron rodgers,jeremy hill,rashad jennings,thomas rawls,julio jones,terrelle pryor,mike wallace,travis kelce,new orleans,
blake bortles,david johnson,jeremy hill,carlos hyde,terrelle pryor,mike wallace,steve smith,greg olsen,new orleans,
aaron rodgers,demarco murray,todd gurley,thomas rawls,terrelle pryor,deandre hopkins,mike wallace,gary barnidge,denver,
tom brady,david johnson,thomas rawls,james starks,allen robinson,kelvin benjamin,mike wallace,charles clay,cincinnati,
tom brady,jeremy hill,carlos hyde,thomas rawls,amari cooper,kelvin benjamin,mike wallace,travis kelce,denver,
aaron rodgers,david johnson,rashad jennings,tevin coleman,terrelle pryor,mike wallace,tyler boyd,tyler eifert,tennessee,
aaron rodgers,demarco murray,rashad jennings,thomas rawls,allen robinson,deandre hopkins,mike wallace,travis kelce,tennessee,
blake bortles,demarco murray,jeremy hill,devontae booker,julio jones,mike wallace,steve smith,greg olsen,tennessee,
aaron rodgers,melvin gordon,rashad jennings,doug martin,brandon marshall,mike wallace,tyler boyd,tyler eifert,denver,
ryan fitzpatrick,david johnson,demarco murray,jeremy hill,terrelle pryor,mike wallace,steve smith,tyler eifert,cincinnati,
aaron rodgers,demarco murray,thomas rawls,devontae booker,kelvin benjamin,mike wallace,steve smith,greg olsen,cincinnati,
aaron rodgers,melvin gordon,devonta freeman,tevin coleman,allen robinson,deandre hopkins,tyler boyd,gary barnidge,denver,
cam newton,david johnson,rashad jennings,allen robinson,deandre hopkins,mike wallace,tyler boyd,travis kelce,new orleans,
tom brady,devonta freeman,todd gurley,rashad jennings,terrelle pryor,mike wallace,tyler boyd,tyler eifert,denver,
aaron rodgers,david johnson,carlos hyde,thomas rawls,brandon marshall,mike wallace,steve smith,travis kelce,cincinnati,
tom brady,devonta freeman,jeremy hill,thomas rawls,amari cooper,allen robinson,brandon marshall,travis kelce,tennessee,
marcus mariota,david johnson,jeremy hill,rashad jennings,allen robinson,kelvin benjamin,mike wallace,charles clay,tennessee,
cam newton,david johnson,thomas rawls,tevin coleman,terrelle pryor,deandre hopkins,mike wallace,travis kelce,denver,
aaron rodgers,melvin gordon,carlos hyde,rashad jennings,amari cooper,brandon marshall,tyler boyd,gary barnidge,new orleans,
aaron rodgers,david johnson,rashad jennings,doug martin,terrelle pryor,brandon marshall,mike wallace,gary barnidge,tennessee,
aaron rodgers,devonta freeman,rashad jennings,thomas rawls,julio jones,terrelle pryor,mike wallace,charles clay,tennessee,
cam newton,melvin gordon,devonta freeman,tevin coleman,terrelle pryor,mike wallace,tyler boyd,greg olsen,new orleans,
blake bortles,demarco murray,devonta freeman,thomas rawls,terrelle pryor,brandon marshall,mike wallace,greg olsen,denver,

2608.16,100.764
20.9218
aaron rodgers,jeremy hill,rashad jennings,thomas rawls,julio jones,terrelle pryor,mike wallace,travis kelce,new orleans,
aaron rodgers,david johnson,jeremy hill,tevin coleman,julio jones,mike wallace,tyler boyd,gary barnidge,cincinnati,
ryan fitzpatrick,david johnson,carlos hyde,rashad jennings,amari cooper,allen robinson,mike wallace,charles clay,new orleans,
tom brady,devonta freeman,jeremy hill,james starks,amari cooper,mike wallace,kenny britt,greg olsen,tennessee,
aaron rodgers,demarco murray,devonta freeman,rashad jennings,kelvin benjamin,deandre hopkins,mike wallace,travis kelce,cincinnati,
ryan fitzpatrick,david johnson,devonta freeman,tevin coleman,allen robinson,deandre hopkins,mike wallace,greg olsen,new orleans,
aaron rodgers,melvin gordon,rashad jennings,doug martin,kelvin benjamin,deandre hopkins,mike wallace,gary barnidge,denver,
cam newton,todd gurley,rashad jennings,thomas rawls,allen robinson,kelvin benjamin,brandon marshall,greg olsen,denver,
aaron rodgers,carlos hyde,rashad jennings,doug martin,amari cooper,terrelle pryor,mike wallace,tyler eifert,new orleans,
cam newton,melvin gordon,jeremy hill,todd gurley,terrelle pryor,mike wallace,tyler boyd,tyler eifert,denver,
blake bortles,demarco murray,rashad jennings,thomas rawls,odell beckham,brandon marshall,mike wallace,gary barnidge,denver,
tom brady,jeremy hill,carlos hyde,rashad jennings,allen robinson,terrelle pryor,mike wallace,greg olsen,tennessee,
aaron rodgers,melvin gordon,devonta freeman,carlos hyde,deandre hopkins,mike wallace,tyler boyd,tyler eifert,cincinnati,
tom brady,todd gurley,rashad jennings,thomas rawls,terrelle pryor,rishard matthews,mike wallace,travis kelce,denver,
marcus mariota,demarco murray,rashad jennings,amari cooper,mike wallace,steve smith,greg olsen,gary barnidge,tennessee,
ryan fitzpatrick,david johnson,todd gurley,thomas rawls,kelvin benjamin,deandre hopkins,mike wallace,greg olsen,tennessee,
aaron rodgers,david johnson,devonta freeman,jeremy hill,kelvin benjamin,brandon marshall,mike wallace,gary barnidge,cincinnati,
ryan fitzpatrick,david johnson,demarco murray,thomas rawls,deandre hopkins,mike wallace,steve smith,travis kelce,new orleans,
blake bortles,david johnson,carlos hyde,amari cooper,kelvin benjamin,deandre hopkins,greg olsen,charles clay,cincinnati,
tom brady,david johnson,rashad jennings,tevin coleman,amari cooper,mike wallace,tyler boyd,charles clay,tennessee,
aaron rodgers,melvin gordon,carlos hyde,tevin coleman,kelvin benjamin,brandon marshall,mike wallace,greg olsen,cincinnati,
aaron rodgers,demarco murray,devonta freeman,rashad jennings,allen robinson,brandon marshall,deandre hopkins,gary barnidge,new orleans,
cam newton,demarco murray,rashad jennings,doug martin,terrelle pryor,deandre hopkins,mike wallace,tyler eifert,denver,
tom brady,carlos hyde,rashad jennings,doug martin,terrelle pryor,rishard matthews,mike wallace,tyler eifert,denver,
aaron rodgers,david johnson,jeremy hill,tevin coleman,terrelle pryor,deandre hopkins,tyler boyd,tyler eifert,tennessee,
ryan fitzpatrick,david johnson,demarco murray,jeremy hill,amari cooper,mike wallace,steve smith,jared cook,tennessee,
aaron rodgers,david johnson,devonta freeman,jeremy hill,kelvin benjamin,brandon marshall,mike wallace,gary barnidge,cincinnati,
tom brady,jeremy hill,todd gurley,rashad jennings,amari cooper,brandon marshall,deandre hopkins,tyler eifert,denver,
aaron rodgers,melvin gordon,tevin coleman,amari cooper,allen robinson,brandon marshall,tyler boyd,travis kelce,cincinnati,
ryan fitzpatrick,david johnson,devonta freeman,rashad jennings,amari cooper,brandon marshall,tyler boyd,tyler eifert,new orleans,
aaron rodgers,rashad jennings,thomas rawls,doug martin,allen robinson,kelvin benjamin,deandre hopkins,greg olsen,new orleans,
aaron rodgers,todd gurley,rashad jennings,thomas rawls,allen robinson,kelvin benjamin,mike wallace,tyler eifert,denver,
tom brady,carlos hyde,rashad jennings,thomas rawls,odell beckham,mike wallace,steve smith,charles clay,tennessee,
ryan fitzpatrick,david johnson,devonta freeman,rashad jennings,allen robinson,kelvin benjamin,mike wallace,gary barnidge,denver,
ryan fitzpatrick,david johnson,devonta freeman,carlos hyde,kelvin benjamin,brandon marshall,mike wallace,greg olsen,cincinnati,
blake bortles,david johnson,devontae booker,tevin coleman,amari cooper,kelvin benjamin,mike wallace,greg olsen,cincinnati,
aaron rodgers,david johnson,carlos hyde,rashad jennings,mike wallace,kenny britt,steve smith,gary barnidge,tennessee,
aaron rodgers,todd gurley,rashad jennings,thomas rawls,terrelle pryor,brandon marshall,deandre hopkins,greg olsen,denver,
blake bortles,melvin gordon,jeremy hill,thomas rawls,odell beckham,terrelle pryor,mike wallace,charles clay,tennessee,
aaron rodgers,demarco murray,rashad jennings,amari cooper,kelvin benjamin,brandon marshall,mike wallace,charles clay,new orleans,
tom brady,melvin gordon,rashad jennings,kelvin benjamin,brandon marshall,mike wallace,greg olsen,gary barnidge,tennessee,
cam newton,demarco murray,devonta freeman,carlos hyde,brandon marshall,deandre hopkins,tyler boyd,tyler eifert,denver,
cam newton,demarco murray,devonta freeman,rashad jennings,terrelle pryor,brandon marshall,mike wallace,tyler eifert,new orleans,
aaron rodgers,devonta freeman,rashad jennings,doug martin,allen robinson,terrelle pryor,tyler boyd,tyler eifert,denver,
cam newton,david johnson,rashad jennings,allen robinson,deandre hopkins,mike wallace,tyler boyd,travis kelce,new orleans,
aaron rodgers,david johnson,carlos hyde,tevin coleman,terrelle pryor,mike wallace,tyler boyd,travis kelce,new orleans,
aaron rodgers,todd gurley,carlos hyde,thomas rawls,allen robinson,brandon marshall,tyler boyd,greg olsen,denver,
aaron rodgers,devonta freeman,rashad jennings,doug martin,allen robinson,terrelle pryor,tyler boyd,tyler eifert,denver,
cam newton,david johnson,demarco murray,tevin coleman,allen robinson,mike wallace,steve smith,charles clay,jacksonville,
cam newton,carlos hyde,rashad jennings,doug martin,odell beckham,brandon marshall,deandre hopkins,tyler eifert,tennessee,

2387.67,93.6184
20.1635
tom brady,david johnson,devontae booker,james starks,deandre hopkins,mike wallace,tyler boyd,greg olsen,cincinnati,
aaron rodgers,carlos hyde,rashad jennings,devontae booker,allen robinson,terrelle pryor,mike wallace,greg olsen,new orleans,
tom brady,jeremy hill,todd gurley,carlos hyde,allen robinson,kelvin benjamin,brandon marshall,tyler eifert,denver,
aaron rodgers,demarco murray,jeremy hill,rashad jennings,terrelle pryor,kelvin benjamin,deandre hopkins,tyler eifert,tennessee,
aaron rodgers,demarco murray,jeremy hill,rashad jennings,terrelle pryor,brandon marshall,deandre hopkins,travis kelce,denver,
cam newton,devonta freeman,carlos hyde,julio jones,terrelle pryor,brandon marshall,greg olsen,gary barnidge,tennessee,
cam newton,jeremy hill,rashad jennings,tevin coleman,julio jones,amari cooper,mike wallace,greg olsen,cincinnati,
aaron rodgers,demarco murray,rashad jennings,thomas rawls,terrelle pryor,mike wallace,steve smith,tyler eifert,new orleans,
tom brady,devonta freeman,rashad jennings,thomas rawls,allen robinson,terrelle pryor,mike wallace,tyler eifert,new orleans,
aaron rodgers,david johnson,carlos hyde,thomas rawls,brandon marshall,mike wallace,steve smith,travis kelce,cincinnati,
aaron rodgers,todd gurley,rashad jennings,thomas rawls,terrelle pryor,brandon marshall,deandre hopkins,greg olsen,denver,
blake bortles,jeremy hill,todd gurley,rashad jennings,odell beckham,terrelle pryor,mike wallace,travis kelce,denver,
tom brady,melvin gordon,rashad jennings,thomas rawls,terrelle pryor,brandon marshall,mike wallace,travis kelce,cincinnati,
aaron rodgers,melvin gordon,rashad jennings,tevin coleman,kelvin benjamin,mike wallace,tyler boyd,greg olsen,new orleans,
tom brady,todd gurley,rashad jennings,thomas rawls,terrelle pryor,deandre hopkins,tyler boyd,greg olsen,denver,
blake bortles,david johnson,rashad jennings,thomas rawls,amari cooper,mike wallace,tyler boyd,tyler eifert,san diego,
aaron rodgers,jeremy hill,rashad jennings,doug martin,amari cooper,terrelle pryor,brandon marshall,tyler eifert,denver,
cam newton,demarco murray,jeremy hill,thomas rawls,terrelle pryor,kelvin benjamin,mike wallace,greg olsen,tennessee,
blake bortles,melvin gordon,jeremy hill,carlos hyde,brandin cooks,kelvin benjamin,deandre hopkins,tyler eifert,tennessee,
carson wentz,david johnson,rashad jennings,thomas rawls,amari cooper,deandre hopkins,mike wallace,tyler eifert,tennessee,
cam newton,david johnson,jeremy hill,tevin coleman,amari cooper,brandon marshall,deandre hopkins,tyler eifert,new orleans,
ryan fitzpatrick,david johnson,devonta freeman,carlos hyde,mike wallace,kenny britt,steve smith,greg olsen,cincinnati,
blake bortles,demarco murray,rashad jennings,thomas rawls,odell beckham,brandon marshall,mike wallace,gary barnidge,denver,
aaron rodgers,david johnson,carlos hyde,tevin coleman,terrelle pryor,brandon marshall,mike wallace,tyler eifert,cincinnati,
tom brady,demarco murray,jeremy hill,rashad jennings,amari cooper,mike wallace,kenny britt,charles clay,tennessee,
tom brady,devonta freeman,carlos hyde,rashad jennings,amari cooper,allen robinson,mike wallace,charles clay,tennessee,
aaron rodgers,todd gurley,rashad jennings,thomas rawls,terrelle pryor,brandon marshall,deandre hopkins,greg olsen,denver,
cam newton,devonta freeman,rashad jennings,doug martin,amari cooper,terrelle pryor,tyler boyd,tyler eifert,denver,
marcus mariota,david johnson,tevin coleman,amari cooper,allen robinson,deandre hopkins,mike wallace,gary barnidge,cincinnati,
aaron rodgers,todd gurley,rashad jennings,tevin coleman,amari cooper,terrelle pryor,mike wallace,tyler eifert,denver,
ryan fitzpatrick,david johnson,carlos hyde,rashad jennings,amari cooper,allen robinson,mike wallace,charles clay,new orleans,
tom brady,david johnson,rashad jennings,tevin coleman,terrelle pryor,kelvin benjamin,mike wallace,charles clay,tennessee,
aaron rodgers,melvin gordon,rashad jennings,devontae booker,allen robinson,brandon marshall,mike wallace,gary barnidge,denver,
aaron rodgers,demarco murray,jeremy hill,tevin coleman,terrelle pryor,rishard matthews,mike wallace,tyler eifert,denver,
cam newton,jeremy hill,carlos hyde,tevin coleman,odell beckham,deandre hopkins,tyler boyd,greg olsen,denver,
aaron rodgers,david johnson,jeremy hill,thomas rawls,kelvin benjamin,deandre hopkins,mike wallace,travis kelce,cincinnati,
ryan fitzpatrick,david johnson,demarco murray,carlos hyde,terrelle pryor,kelvin benjamin,mike wallace,charles clay,cincinnati,
tom brady,devonta freeman,jeremy hill,amari cooper,allen robinson,deandre hopkins,mike wallace,travis kelce,tennessee,
aaron rodgers,todd gurley,rashad jennings,thomas rawls,terrelle pryor,rishard matthews,mike wallace,greg olsen,tennessee,
tom brady,david johnson,rashad jennings,tevin coleman,amari cooper,mike wallace,tyler boyd,charles clay,tennessee,
tom brady,devonta freeman,jeremy hill,amari cooper,allen robinson,deandre hopkins,mike wallace,travis kelce,tennessee,
ryan fitzpatrick,david johnson,devonta freeman,rashad jennings,allen robinson,kelvin benjamin,mike wallace,gary barnidge,denver,
blake bortles,melvin gordon,jeremy hill,thomas rawls,amari cooper,terrelle pryor,deandre hopkins,travis kelce,denver,
aaron rodgers,melvin gordon,carlos hyde,rashad jennings,kelvin benjamin,brandon marshall,deandre hopkins,tyler eifert,cincinnati,
aaron rodgers,melvin gordon,tevin coleman,amari cooper,allen robinson,brandon marshall,tyler boyd,travis kelce,cincinnati,
marcus mariota,demarco murray,rashad jennings,amari cooper,mike wallace,steve smith,greg olsen,gary barnidge,tennessee,
tom brady,demarco murray,thomas rawls,tevin coleman,allen robinson,brandon marshall,mike wallace,travis kelce,denver,
aaron rodgers,melvin gordon,rashad jennings,thomas rawls,deandre hopkins,mike wallace,tyler boyd,tyler eifert,denver,
aaron rodgers,david johnson,devonta freeman,jeremy hill,allen robinson,brandon marshall,mike wallace,gary barnidge,green bay,
cam newton,jeremy hill,rashad jennings,thomas rawls,odell beckham,terrelle pryor,mike wallace,tyler eifert,tennessee,

2412.7,94.9608
20.142
cam newton,melvin gordon,devonta freeman,tevin coleman,terrelle pryor,mike wallace,tyler boyd,greg olsen,new orleans,
aaron rodgers,david johnson,devonta freeman,jeremy hill,allen robinson,brandon marshall,mike wallace,gary barnidge,green bay,
aaron rodgers,david johnson,rashad jennings,doug martin,terrelle pryor,brandon marshall,mike wallace,gary barnidge,tennessee,
cam newton,jeremy hill,rashad jennings,tevin coleman,odell beckham,allen robinson,brandon marshall,travis kelce,denver,
cam newton,david johnson,jeremy hill,tevin coleman,amari cooper,brandon marshall,deandre hopkins,tyler eifert,new orleans,
cam newton,melvin gordon,jeremy hill,todd gurley,terrelle pryor,mike wallace,tyler boyd,tyler eifert,denver,
blake bortles,melvin gordon,carlos hyde,thomas rawls,julio jones,brandon marshall,mike wallace,travis kelce,tennessee,
tom brady,devonta freeman,carlos hyde,rashad jennings,amari cooper,allen robinson,mike wallace,charles clay,tennessee,
tom brady,rashad jennings,thomas rawls,doug martin,amari cooper,terrelle pryor,mike wallace,tyler eifert,new orleans,
aaron rodgers,demarco murray,jeremy hill,rashad jennings,amari cooper,terrelle pryor,mike wallace,charles clay,tennessee,
cam newton,demarco murray,rashad jennings,thomas rawls,terrelle pryor,mike wallace,kenny britt,travis kelce,denver,
cam newton,melvin gordon,carlos hyde,amari cooper,allen robinson,deandre hopkins,mike wallace,gary barnidge,cincinnati,
blake bortles,melvin gordon,jeremy hill,thomas rawls,odell beckham,terrelle pryor,mike wallace,charles clay,tennessee,
tom brady,melvin gordon,rashad jennings,thomas rawls,allen robinson,deandre hopkins,tyler boyd,travis kelce,cincinnati,
cam newton,david johnson,devontae booker,tevin coleman,amari cooper,allen robinson,mike wallace,charles clay,tennessee,
cam newton,melvin gordon,devonta freeman,thomas rawls,allen robinson,deandre hopkins,mike wallace,travis kelce,cincinnati,
aaron rodgers,david johnson,devonta freeman,jeremy hill,allen robinson,brandon marshall,mike wallace,gary barnidge,green bay,
ryan fitzpatrick,david johnson,demarco murray,jeremy hill,amari cooper,mike wallace,steve smith,jared cook,tennessee,
ryan fitzpatrick,david johnson,demarco murray,jeremy hill,terrelle pryor,mike wallace,steve smith,tyler eifert,cincinnati,
cam newton,demarco murray,rashad jennings,tevin coleman,amari cooper,brandon marshall,mike wallace,greg olsen,tennessee,
aaron rodgers,demarco murray,thomas rawls,tevin coleman,terrelle pryor,mike wallace,steve smith,greg olsen,new orleans,
aaron rodgers,david johnson,jeremy hill,tevin coleman,terrelle pryor,deandre hopkins,tyler boyd,tyler eifert,tennessee,
ryan fitzpatrick,david johnson,devonta freeman,rashad jennings,terrelle pryor,kelvin benjamin,mike wallace,travis kelce,new orleans,
aaron rodgers,melvin gordon,demarco murray,tevin coleman,allen robinson,brandon marshall,tyler boyd,charles clay,tennessee,
aaron rodgers,carlos hyde,rashad jennings,devontae booker,allen robinson,terrelle pryor,mike wallace,greg olsen,new orleans,
blake bortles,demarco murray,rashad jennings,doug martin,amari cooper,deandre hopkins,mike wallace,greg olsen,new orleans,
blake bortles,demarco murray,rashad jennings,doug martin,amari cooper,deandre hopkins,mike wallace,greg olsen,new orleans,
blake bortles,carlos hyde,thomas rawls,tevin coleman,odell beckham,kelvin benjamin,mike wallace,greg olsen,denver,
blake bortles,jeremy hill,rashad jennings,doug martin,odell beckham,allen robinson,brandon marshall,greg olsen,tennessee,
marcus mariota,david johnson,jeremy hill,rashad jennings,allen robinson,kelvin benjamin,mike wallace,charles clay,tennessee,
cam newton,melvin gordon,devonta freeman,rashad jennings,kelvin benjamin,deandre hopkins,tyler boyd,tyler eifert,tennessee,
blake bortles,melvin gordon,carlos hyde,thomas rawls,julio jones,brandon marshall,mike wallace,travis kelce,tennessee,
cam newton,david johnson,demarco murray,tevin coleman,allen robinson,mike wallace,steve smith,charles clay,jacksonville,
aaron rodgers,demarco murray,rashad jennings,doug martin,amari cooper,allen robinson,tyler boyd,gary barnidge,cincinnati,
tom brady,melvin gordon,rashad jennings,thomas rawls,terrelle pryor,brandon marshall,mike wallace,travis kelce,cincinnati,
aaron rodgers,david johnson,rashad jennings,thomas rawls,deandre hopkins,mike wallace,tyler boyd,travis kelce,new orleans,
tom brady,devonta freeman,rashad jennings,tevin coleman,terrelle pryor,mike wallace,steve smith,greg olsen,denver,
aaron rodgers,jeremy hill,rashad jennings,doug martin,amari cooper,terrelle pryor,brandon marshall,tyler eifert,denver,
aaron rodgers,david johnson,rashad jennings,thomas rawls,allen robinson,deandre hopkins,tyler boyd,charles clay,new orleans,
aaron rodgers,rashad jennings,thomas rawls,doug martin,amari cooper,kelvin benjamin,deandre hopkins,greg olsen,cincinnati,
aaron rodgers,todd gurley,rashad jennings,thomas rawls,terrelle pryor,brandon marshall,deandre hopkins,greg olsen,denver,
aaron rodgers,todd gurley,rashad jennings,thomas rawls,terrelle pryor,kelvin benjamin,mike wallace,greg olsen,new orleans,
blake bortles,jeremy hill,carlos hyde,tevin coleman,odell beckham,julio jones,mike wallace,tyler eifert,tennessee,
aaron rodgers,todd gurley,rashad jennings,thomas rawls,allen robinson,terrelle pryor,mike wallace,travis kelce,denver,
tom brady,devonta freeman,jeremy hill,james starks,amari cooper,mike wallace,kenny britt,greg olsen,tennessee,
aaron rodgers,demarco murray,rashad jennings,thomas rawls,amari cooper,deandre hopkins,tyler boyd,tyler eifert,cincinnati,
aaron rodgers,jeremy hill,rashad jennings,doug martin,amari cooper,terrelle pryor,brandon marshall,tyler eifert,denver,
ryan fitzpatrick,david johnson,demarco murray,tevin coleman,allen robinson,kelvin benjamin,tyler boyd,tyler eifert,cincinnati,
tom brady,jeremy hill,rashad jennings,thomas rawls,allen robinson,terrelle pryor,kelvin benjamin,tyler eifert,denver,
aaron rodgers,carlos hyde,rashad jennings,doug martin,amari cooper,terrelle pryor,mike wallace,tyler eifert,new orleans,

2354.71,92.6021
20.0288
tom brady,demarco murray,thomas rawls,tevin coleman,allen robinson,brandon marshall,mike wallace,travis kelce,denver,
tom brady,jeremy hill,rashad jennings,julio jones,terrelle pryor,mike wallace,greg olsen,gary barnidge,tennessee,
tom brady,melvin gordon,rashad jennings,thomas rawls,terrelle pryor,brandon marshall,mike wallace,travis kelce,cincinnati,
blake bortles,melvin gordon,jeremy hill,tevin coleman,julio jones,kelvin benjamin,mike wallace,travis kelce,denver,
cam newton,demarco murray,devonta freeman,tevin coleman,allen robinson,terrelle pryor,tyler boyd,travis kelce,denver,
blake bortles,carlos hyde,rashad jennings,thomas rawls,odell beckham,terrelle pryor,brandon marshall,tyler eifert,denver,
blake bortles,david johnson,rashad jennings,doug martin,terrelle pryor,brandon marshall,deandre hopkins,tyler eifert,denver,
blake bortles,david johnson,devontae booker,james starks,amari cooper,mike wallace,steve smith,greg olsen,tennessee,
aaron rodgers,rashad jennings,thomas rawls,doug martin,amari cooper,mike wallace,steve smith,greg olsen,new orleans,
cam newton,david johnson,devonta freeman,thomas rawls,terrelle pryor,mike wallace,steve smith,charles clay,new orleans,
tom brady,melvin gordon,rashad jennings,thomas rawls,kelvin benjamin,brandon marshall,mike wallace,tyler eifert,cincinnati,
cam newton,david johnson,devonta freeman,james starks,amari cooper,kelvin benjamin,mike wallace,charles clay,jacksonville,
ryan fitzpatrick,david johnson,rashad jennings,tevin coleman,amari cooper,allen robinson,mike wallace,tyler eifert,new orleans,
aaron rodgers,demarco murray,rashad jennings,thomas rawls,terrelle pryor,deandre hopkins,mike wallace,tyler eifert,new orleans,
aaron rodgers,melvin gordon,rashad jennings,thomas rawls,deandre hopkins,mike wallace,kenny britt,tyler eifert,tennessee,
cam newton,david johnson,devontae booker,tevin coleman,amari cooper,allen robinson,mike wallace,charles clay,tennessee,
tom brady,melvin gordon,thomas rawls,tevin coleman,terrelle pryor,kelvin benjamin,mike wallace,travis kelce,tennessee,
aaron rodgers,david johnson,jeremy hill,tevin coleman,terrelle pryor,deandre hopkins,tyler boyd,tyler eifert,tennessee,
tom brady,rashad jennings,thomas rawls,isaiah crowell,allen robinson,terrelle pryor,mike wallace,greg olsen,tennessee,
cam newton,devonta freeman,carlos hyde,julio jones,terrelle pryor,brandon marshall,greg olsen,gary barnidge,tennessee,
aaron rodgers,david johnson,rashad jennings,doug martin,terrelle pryor,brandon marshall,mike wallace,gary barnidge,tennessee,
aaron rodgers,demarco murray,rashad jennings,doug martin,amari cooper,allen robinson,tyler boyd,gary barnidge,cincinnati,
tom brady,melvin gordon,rashad jennings,thomas rawls,terrelle pryor,brandon marshall,mike wallace,travis kelce,cincinnati,
cam newton,demarco murray,devonta freeman,tevin coleman,allen robinson,terrelle pryor,tyler boyd,travis kelce,denver,
cam newton,david johnson,jeremy hill,tevin coleman,amari cooper,brandon marshall,deandre hopkins,tyler eifert,new orleans,
aaron rodgers,devonta freeman,jeremy hill,todd gurley,allen robinson,kelvin benjamin,tyler boyd,tyler eifert,denver,
aaron rodgers,melvin gordon,rashad jennings,tevin coleman,allen robinson,deandre hopkins,tyler boyd,travis kelce,denver,
aaron rodgers,melvin gordon,rashad jennings,doug martin,allen robinson,kelvin benjamin,brandon marshall,charles clay,tennessee,
blake bortles,devonta freeman,rashad jennings,tevin coleman,odell beckham,terrelle pryor,mike wallace,tyler eifert,denver,
blake bortles,demarco murray,devonta freeman,amari cooper,allen robinson,brandon marshall,tyler boyd,greg olsen,green bay,
aaron rodgers,jeremy hill,rashad jennings,thomas rawls,amari cooper,allen robinson,kelvin benjamin,tyler eifert,new orleans,
tom brady,demarco murray,jeremy hill,tevin coleman,julio jones,terrelle pryor,mike wallace,gary barnidge,cincinnati,
aaron rodgers,david johnson,rashad jennings,tevin coleman,terrelle pryor,deandre hopkins,mike wallace,tyler eifert,cincinnati,
aaron rodgers,david johnson,rashad jennings,thomas rawls,terrelle pryor,mike wallace,kenny britt,charles clay,cincinnati,
ryan fitzpatrick,david johnson,rashad jennings,thomas rawls,amari cooper,brandon marshall,mike wallace,tyler eifert,san diego,
tom brady,todd gurley,rashad jennings,thomas rawls,terrelle pryor,deandre hopkins,tyler boyd,greg olsen,denver,
tom brady,demarco murray,thomas rawls,devontae booker,allen robinson,deandre hopkins,mike wallace,travis kelce,tennessee,
cam newton,melvin gordon,devonta freeman,devontae booker,allen robinson,brandon marshall,mike wallace,travis kelce,tennessee,
ryan fitzpatrick,david johnson,jeremy hill,thomas rawls,terrelle pryor,mike wallace,steve smith,greg olsen,denver,
cam newton,devonta freeman,jeremy hill,rashad jennings,terrelle pryor,rishard matthews,mike wallace,greg olsen,denver,
aaron rodgers,melvin gordon,rashad jennings,thomas rawls,kelvin benjamin,brandon marshall,mike wallace,travis kelce,new orleans,
aaron rodgers,david johnson,devonta freeman,jeremy hill,kelvin benjamin,brandon marshall,mike wallace,gary barnidge,cincinnati,
aaron rodgers,melvin gordon,devonta freeman,tevin coleman,allen robinson,deandre hopkins,mike wallace,travis kelce,cincinnati,
ryan fitzpatrick,david johnson,demarco murray,tevin coleman,allen robinson,kelvin benjamin,tyler boyd,tyler eifert,cincinnati,
tom brady,jeremy hill,rashad jennings,thomas rawls,allen robinson,terrelle pryor,kelvin benjamin,tyler eifert,denver,
aaron rodgers,david johnson,rashad jennings,thomas rawls,allen robinson,deandre hopkins,tyler boyd,charles clay,new orleans,
aaron rodgers,devonta freeman,todd gurley,carlos hyde,terrelle pryor,brandon marshall,mike wallace,tyler eifert,denver,
aaron rodgers,rashad jennings,thomas rawls,devontae booker,amari cooper,terrelle pryor,mike wallace,tyler eifert,denver,
aaron rodgers,todd gurley,rashad jennings,thomas rawls,allen robinson,kelvin benjamin,mike wallace,tyler eifert,denver,
aaron rodgers,demarco murray,devonta freeman,jeremy hill,terrelle pryor,brandon marshall,mike wallace,travis kelce,new orleans,

2519.73,101.04
19.9894
marcus mariota,melvin gordon,rashad jennings,thomas rawls,allen robinson,brandon marshall,mike wallace,tyler eifert,tennessee,
tom brady,david johnson,devontae booker,james starks,deandre hopkins,mike wallace,tyler boyd,greg olsen,cincinnati,
aaron rodgers,jeremy hill,todd gurley,rashad jennings,amari cooper,allen robinson,brandon marshall,tyler eifert,tennessee,
marcus mariota,melvin gordon,jeremy hill,rashad jennings,terrelle pryor,mike wallace,tyler boyd,greg olsen,tennessee,
blake bortles,devonta freeman,jeremy hill,todd gurley,odell beckham,kelvin benjamin,deandre hopkins,tyler eifert,tennessee,
tom brady,rashad jennings,thomas rawls,tevin coleman,amari cooper,allen robinson,brandin cooks,gary barnidge,tennessee,
aaron rodgers,david johnson,rashad jennings,thomas rawls,terrelle pryor,mike wallace,kenny britt,charles clay,cincinnati,
ryan fitzpatrick,david johnson,devonta freeman,rashad jennings,amari cooper,brandon marshall,tyler boyd,tyler eifert,new orleans,
blake bortles,melvin gordon,jeremy hill,thomas rawls,amari cooper,terrelle pryor,deandre hopkins,travis kelce,denver,
tom brady,carlos hyde,rashad jennings,thomas rawls,odell beckham,mike wallace,steve smith,charles clay,tennessee,
aaron rodgers,david johnson,carlos hyde,thomas rawls,brandon marshall,mike wallace,steve smith,travis kelce,cincinnati,
aaron rodgers,devonta freeman,todd gurley,rashad jennings,allen robinson,terrelle pryor,mike wallace,gary barnidge,denver,
aaron rodgers,devonta freeman,rashad jennings,thomas rawls,allen robinson,kelvin benjamin,mike wallace,travis kelce,denver,
tom brady,devonta freeman,jeremy hill,amari cooper,allen robinson,deandre hopkins,mike wallace,travis kelce,tennessee,
tom brady,demarco murray,rashad jennings,thomas rawls,terrelle pryor,mike wallace,steve smith,travis kelce,tennessee,
cam newton,david johnson,jeremy hill,devontae booker,mike wallace,kenny britt,steve smith,greg olsen,cincinnati,
cam newton,david johnson,devonta freeman,thomas rawls,terrelle pryor,mike wallace,steve smith,charles clay,new orleans,
aaron rodgers,devonta freeman,rashad jennings,doug martin,terrelle pryor,kelvin benjamin,mike wallace,tyler eifert,denver,
aaron rodgers,david johnson,jeremy hill,tevin coleman,terrelle pryor,deandre hopkins,tyler boyd,tyler eifert,tennessee,
aaron rodgers,todd gurley,thomas rawls,tevin coleman,amari cooper,brandon marshall,mike wallace,greg olsen,denver,
aaron rodgers,david johnson,jeremy hill,rashad jennings,allen robinson,brandon marshall,mike wallace,charles clay,new orleans,
marcus mariota,david johnson,jeremy hill,rashad jennings,allen robinson,kelvin benjamin,mike wallace,charles clay,tennessee,
aaron rodgers,demarco murray,jeremy hill,rashad jennings,terrelle pryor,brandon marshall,deandre hopkins,travis kelce,denver,
blake bortles,david johnson,rashad jennings,thomas rawls,amari cooper,mike wallace,steve smith,travis kelce,new orleans,
cam newton,david johnson,devonta freeman,james starks,amari cooper,kelvin benjamin,mike wallace,charles clay,jacksonville,
cam newton,jeremy hill,rashad jennings,doug martin,odell beckham,terrelle pryor,mike wallace,gary barnidge,denver,
aaron rodgers,melvin gordon,rashad jennings,thomas rawls,terrelle pryor,brandon marshall,deandre hopkins,travis kelce,tennessee,
tom brady,rashad jennings,thomas rawls,doug martin,amari cooper,terrelle pryor,mike wallace,tyler eifert,new orleans,
ryan fitzpatrick,david johnson,demarco murray,jeremy hill,terrelle pryor,mike wallace,steve smith,tyler eifert,cincinnati,
blake bortles,david johnson,melvin gordon,jeremy hill,brandon marshall,mike wallace,tyler boyd,tyler eifert,new orleans,
aaron rodgers,demarco murray,rashad jennings,allen robinson,kelvin benjamin,brandon marshall,deandre hopkins,tyler eifert,cincinnati,
ryan fitzpatrick,david johnson,jeremy hill,thomas rawls,terrelle pryor,mike wallace,steve smith,greg olsen,denver,
tom brady,devonta freeman,todd gurley,carlos hyde,terrelle pryor,brandon marshall,tyler boyd,greg olsen,tennessee,
aaron rodgers,rashad jennings,thomas rawls,doug martin,amari cooper,kelvin benjamin,deandre hopkins,greg olsen,cincinnati,
tom brady,jeremy hill,rashad jennings,thomas rawls,allen robinson,terrelle pryor,kelvin benjamin,tyler eifert,denver,
blake bortles,david johnson,jeremy hill,rashad jennings,terrelle pryor,deandre hopkins,mike wallace,greg olsen,new orleans,
cam newton,david johnson,devontae booker,tevin coleman,amari cooper,allen robinson,mike wallace,charles clay,tennessee,
ryan fitzpatrick,david johnson,demarco murray,jeremy hill,terrelle pryor,mike wallace,steve smith,tyler eifert,cincinnati,
aaron rodgers,david johnson,jeremy hill,tevin coleman,julio jones,mike wallace,tyler boyd,gary barnidge,cincinnati,
marcus mariota,devonta freeman,jeremy hill,tevin coleman,julio jones,mike wallace,kenny britt,greg olsen,tennessee,
ryan fitzpatrick,david johnson,demarco murray,thomas rawls,deandre hopkins,mike wallace,steve smith,travis kelce,new orleans,
aaron rodgers,demarco murray,rashad jennings,thomas rawls,terrelle pryor,brandon marshall,tyler boyd,tyler eifert,denver,
cam newton,melvin gordon,devonta freeman,rashad jennings,kelvin benjamin,deandre hopkins,tyler boyd,tyler eifert,tennessee,
ryan fitzpatrick,david johnson,carlos hyde,rashad jennings,allen robinson,kelvin benjamin,mike wallace,tyler eifert,new orleans,
aaron rodgers,demarco murray,thomas rawls,james starks,allen robinson,deandre hopkins,mike wallace,greg olsen,cincinnati,
cam newton,david johnson,carlos hyde,thomas rawls,deandre hopkins,mike wallace,tyler boyd,greg olsen,cincinnati,
aaron rodgers,demarco murray,jeremy hill,rashad jennings,amari cooper,terrelle pryor,mike wallace,charles clay,tennessee,
tom brady,jeremy hill,rashad jennings,thomas rawls,allen robinson,terrelle pryor,kelvin benjamin,tyler eifert,denver,
blake bortles,melvin gordon,rashad jennings,thomas rawls,amari cooper,terrelle pryor,mike wallace,tyler eifert,new orleans,
blake bortles,jeremy hill,todd gurley,rashad jennings,odell beckham,terrelle pryor,mike wallace,travis kelce,denver,

2476.54,99.4287
19.879
aaron rodgers,melvin gordon,demarco murray,tevin coleman,allen robinson,brandon marshall,tyler boyd,charles clay,tennessee,
tom brady,carlos hyde,rashad jennings,doug martin,allen robinson,terrelle pryor,kelvin benjamin,tyler eifert,tennessee,
ryan fitzpatrick,david johnson,rashad jennings,doug martin,allen robinson,terrelle pryor,mike wallace,tyler eifert,new orleans,
cam newton,rashad jennings,thomas rawls,doug martin,amari cooper,terrelle pryor,mike wallace,greg olsen,new orleans,
aaron rodgers,david johnson,devonta freeman,jeremy hill,kelvin benjamin,brandon marshall,mike wallace,gary barnidge,cincinnati,
cam newton,jeremy hill,rashad jennings,tevin coleman,julio jones,amari cooper,mike wallace,greg olsen,cincinnati,
aaron rodgers,rashad jennings,tevin coleman,amari cooper,allen robinson,kelvin benjamin,brandon marshall,tyler eifert,denver,
cam newton,jeremy hill,rashad jennings,thomas rawls,odell beckham,terrelle pryor,mike wallace,tyler eifert,tennessee,
aaron rodgers,jeremy hill,rashad jennings,doug martin,allen robinson,terrelle pryor,kelvin benjamin,tyler eifert,denver,
tom brady,devonta freeman,jeremy hill,james starks,amari cooper,mike wallace,kenny britt,greg olsen,tennessee,
marcus mariota,melvin gordon,rashad jennings,thomas rawls,allen robinson,brandon marshall,mike wallace,tyler eifert,tennessee,
cam newton,demarco murray,devonta freeman,carlos hyde,brandon marshall,deandre hopkins,tyler boyd,tyler eifert,denver,
blake bortles,david johnson,rashad jennings,doug martin,terrelle pryor,brandon marshall,deandre hopkins,tyler eifert,denver,
tom brady,jeremy hill,todd gurley,rashad jennings,amari cooper,brandon marshall,deandre hopkins,tyler eifert,denver,
tom brady,david johnson,james starks,deandre hopkins,mike wallace,kenny britt,greg olsen,gary barnidge,tennessee,
marcus mariota,demarco murray,rashad jennings,thomas rawls,terrelle pryor,mike wallace,steve smith,greg olsen,cincinnati,
cam newton,demarco murray,devonta freeman,tevin coleman,allen robinson,terrelle pryor,tyler boyd,travis kelce,denver,
aaron rodgers,melvin gordon,jeremy hill,tevin coleman,allen robinson,brandon marshall,deandre hopkins,tyler eifert,denver,
cam newton,melvin gordon,devonta freeman,tevin coleman,kelvin benjamin,brandon marshall,mike wallace,greg olsen,cincinnati,
cam newton,demarco murray,rashad jennings,thomas rawls,terrelle pryor,mike wallace,kenny britt,travis kelce,denver,
cam newton,david johnson,jeremy hill,tevin coleman,amari cooper,brandon marshall,deandre hopkins,tyler eifert,new orleans,
cam newton,devonta freeman,rashad jennings,doug martin,amari cooper,terrelle pryor,tyler boyd,tyler eifert,denver,
cam newton,carlos hyde,rashad jennings,doug martin,odell beckham,brandon marshall,deandre hopkins,tyler eifert,tennessee,
aaron rodgers,melvin gordon,rashad jennings,thomas rawls,deandre hopkins,mike wallace,tyler boyd,tyler eifert,denver,
tom brady,david johnson,devontae booker,james starks,deandre hopkins,mike wallace,tyler boyd,greg olsen,cincinnati,
cam newton,melvin gordon,carlos hyde,rashad jennings,amari cooper,terrelle pryor,mike wallace,gary barnidge,cincinnati,
cam newton,jeremy hill,rashad jennings,tevin coleman,odell beckham,allen robinson,brandon marshall,travis kelce,denver,
cam newton,melvin gordon,carlos hyde,amari cooper,allen robinson,deandre hopkins,mike wallace,gary barnidge,cincinnati,
blake bortles,devonta freeman,rashad jennings,doug martin,odell beckham,terrelle pryor,mike wallace,tyler eifert,tennessee,
aaron rodgers,demarco murray,devonta freeman,jeremy hill,terrelle pryor,brandon marshall,mike wallace,travis kelce,new orleans,
blake bortles,devonta freeman,rashad jennings,thomas rawls,odell beckham,deandre hopkins,mike wallace,tyler eifert,denver,
cam newton,demarco murray,rashad jennings,tevin coleman,amari cooper,brandon marshall,mike wallace,greg olsen,tennessee,
aaron rodgers,david johnson,jeremy hill,rashad jennings,allen robinson,brandon marshall,mike wallace,charles clay,new orleans,
aaron rodgers,demarco murray,jeremy hill,rashad jennings,terrelle pryor,kelvin benjamin,mike wallace,travis kelce,new orleans,
aaron rodgers,melvin gordon,carlos hyde,tevin coleman,kelvin benjamin,brandon marshall,mike wallace,greg olsen,cincinnati,
blake bortles,jeremy hill,rashad jennings,doug martin,odell beckham,allen robinson,brandon marshall,greg olsen,tennessee,
aaron rodgers,melvin gordon,jeremy hill,todd gurley,terrelle pryor,brandon marshall,mike wallace,gary barnidge,denver,
blake bortles,david johnson,rashad jennings,thomas rawls,amari cooper,mike wallace,steve smith,travis kelce,new orleans,
marcus mariota,david johnson,jeremy hill,rashad jennings,allen robinson,kelvin benjamin,mike wallace,charles clay,tennessee,
aaron rodgers,david johnson,jeremy hill,tevin coleman,julio jones,mike wallace,tyler boyd,gary barnidge,cincinnati,
blake bortles,melvin gordon,jeremy hill,tevin coleman,julio jones,kelvin benjamin,mike wallace,travis kelce,denver,
cam newton,david johnson,jeremy hill,tevin coleman,amari cooper,brandon marshall,deandre hopkins,tyler eifert,new orleans,
ryan fitzpatrick,david johnson,rashad jennings,thomas rawls,amari cooper,brandon marshall,mike wallace,tyler eifert,san diego,
tom brady,david johnson,jeremy hill,allen robinson,deandre hopkins,devante parker,greg olsen,jared cook,jacksonville,
blake bortles,david johnson,devontae booker,tevin coleman,amari cooper,kelvin benjamin,mike wallace,greg olsen,cincinnati,
aaron rodgers,demarco murray,rashad jennings,thomas rawls,terrelle pryor,mike wallace,steve smith,tyler eifert,new orleans,
blake bortles,demarco murray,carlos hyde,rashad jennings,julio jones,deandre hopkins,mike wallace,travis kelce,new orleans,
aaron rodgers,jeremy hill,rashad jennings,doug martin,amari cooper,terrelle pryor,brandon marshall,tyler eifert,denver,
ryan fitzpatrick,david johnson,devonta freeman,thomas rawls,terrelle pryor,deandre hopkins,mike wallace,travis kelce,denver,
cam newton,rashad jennings,thomas rawls,doug martin,amari cooper,terrelle pryor,mike wallace,greg olsen,new orleans,

2528.26,102.07
19.8713
aaron rodgers,melvin gordon,rashad jennings,doug martin,allen robinson,deandre hopkins,tyler boyd,gary barnidge,denver,
cam newton,david johnson,rashad jennings,thomas rawls,allen robinson,mike wallace,kenny britt,charles clay,new orleans,
cam newton,david johnson,rashad jennings,thomas rawls,allen robinson,mike wallace,kenny britt,charles clay,new orleans,
marcus mariota,david johnson,jeremy hill,rashad jennings,allen robinson,kelvin benjamin,mike wallace,charles clay,tennessee,
aaron rodgers,demarco murray,rashad jennings,thomas rawls,amari cooper,deandre hopkins,tyler boyd,tyler eifert,cincinnati,
tom brady,melvin gordon,jeremy hill,thomas rawls,kelvin benjamin,mike wallace,steve smith,travis kelce,new orleans,
aaron rodgers,melvin gordon,rashad jennings,tevin coleman,allen robinson,deandre hopkins,tyler boyd,travis kelce,denver,
aaron rodgers,demarco murray,rashad jennings,tevin coleman,amari cooper,brandon marshall,mike wallace,tyler eifert,new orleans,
tom brady,demarco murray,thomas rawls,devontae booker,allen robinson,deandre hopkins,mike wallace,travis kelce,tennessee,
tom brady,devonta freeman,rashad jennings,tevin coleman,terrelle pryor,rishard matthews,tyler boyd,greg olsen,denver,
cam newton,jeremy hill,rashad jennings,tevin coleman,julio jones,amari cooper,mike wallace,greg olsen,cincinnati,
aaron rodgers,david johnson,carlos hyde,thomas rawls,brandon marshall,mike wallace,steve smith,travis kelce,cincinnati,
cam newton,melvin gordon,devonta freeman,carlos hyde,deandre hopkins,mike wallace,tyler boyd,travis kelce,denver,
blake bortles,david johnson,rashad jennings,tevin coleman,amari cooper,terrelle pryor,mike wallace,tyler eifert,new orleans,
cam newton,david johnson,jeremy hill,tevin coleman,amari cooper,brandon marshall,deandre hopkins,tyler eifert,new orleans,
blake bortles,melvin gordon,carlos hyde,thomas rawls,allen robinson,terrelle pryor,mike wallace,travis kelce,denver,
aaron rodgers,melvin gordon,jeremy hill,rashad jennings,kelvin benjamin,brandon marshall,mike wallace,tyler eifert,new orleans,
aaron rodgers,demarco murray,rashad jennings,doug martin,allen robinson,terrelle pryor,mike wallace,charles clay,new orleans,
blake bortles,david johnson,demarco murray,rashad jennings,terrelle pryor,mike wallace,steve smith,charles clay,tennessee,
tom brady,devonta freeman,jeremy hill,thomas rawls,amari cooper,allen robinson,brandon marshall,travis kelce,tennessee,
aaron rodgers,demarco murray,jeremy hill,rashad jennings,terrelle pryor,kelvin benjamin,deandre hopkins,tyler eifert,tennessee,
aaron rodgers,carlos hyde,rashad jennings,tevin coleman,amari cooper,allen robinson,mike wallace,tyler eifert,denver,
tom brady,jeremy hill,todd gurley,carlos hyde,allen robinson,kelvin benjamin,brandon marshall,tyler eifert,denver,
ryan fitzpatrick,david johnson,demarco murray,rashad jennings,terrelle pryor,mike wallace,steve smith,charles clay,new orleans,
cam newton,todd gurley,rashad jennings,thomas rawls,allen robinson,kelvin benjamin,brandon marshall,greg olsen,denver,
blake bortles,david johnson,devontae booker,tevin coleman,amari cooper,kelvin benjamin,mike wallace,greg olsen,cincinnati,
ryan fitzpatrick,david johnson,demarco murray,carlos hyde,terrelle pryor,mike wallace,steve smith,charles clay,tennessee,
ryan fitzpatrick,david johnson,demarco murray,jeremy hill,amari cooper,mike wallace,steve smith,jared cook,tennessee,
cam newton,david johnson,melvin gordon,tevin coleman,deandre hopkins,mike wallace,tyler boyd,charles clay,tennessee,
aaron rodgers,demarco murray,rashad jennings,amari cooper,kelvin benjamin,brandon marshall,mike wallace,charles clay,new orleans,
tom brady,david johnson,jeremy hill,tevin coleman,amari cooper,mike wallace,kenny britt,gary barnidge,cincinnati,
cam newton,rashad jennings,doug martin,tevin coleman,odell beckham,deandre hopkins,mike wallace,greg olsen,tennessee,
aaron rodgers,jeremy hill,rashad jennings,thomas rawls,amari cooper,allen robinson,kelvin benjamin,tyler eifert,new orleans,
aaron rodgers,melvin gordon,jeremy hill,carlos hyde,deandre hopkins,mike wallace,tyler boyd,greg olsen,tennessee,
aaron rodgers,devonta freeman,rashad jennings,thomas rawls,terrelle pryor,rishard matthews,mike wallace,tyler eifert,denver,
cam newton,jeremy hill,carlos hyde,tevin coleman,odell beckham,deandre hopkins,tyler boyd,greg olsen,denver,
blake bortles,devonta freeman,jeremy hill,thomas rawls,odell beckham,terrelle pryor,mike wallace,travis kelce,denver,
ryan fitzpatrick,david johnson,jeremy hill,thomas rawls,terrelle pryor,mike wallace,steve smith,greg olsen,denver,
tom brady,carlos hyde,rashad jennings,doug martin,terrelle pryor,rishard matthews,mike wallace,tyler eifert,denver,
marcus mariota,demarco murray,rashad jennings,thomas rawls,terrelle pryor,mike wallace,steve smith,greg olsen,cincinnati,
aaron rodgers,devonta freeman,jeremy hill,tevin coleman,odell beckham,brandon marshall,deandre hopkins,tyler eifert,new orleans,
tom brady,melvin gordon,thomas rawls,tevin coleman,terrelle pryor,kelvin benjamin,mike wallace,travis kelce,tennessee,
aaron rodgers,carlos hyde,rashad jennings,devontae booker,allen robinson,terrelle pryor,mike wallace,greg olsen,new orleans,
aaron rodgers,todd gurley,rashad jennings,doug martin,terrelle pryor,mike wallace,tyler boyd,greg olsen,denver,
aaron rodgers,david johnson,jeremy hill,thomas rawls,kelvin benjamin,deandre hopkins,mike wallace,travis kelce,cincinnati,
aaron rodgers,demarco murray,devonta freeman,jeremy hill,terrelle pryor,brandon marshall,mike wallace,travis kelce,new orleans,
aaron rodgers,devonta freeman,carlos hyde,rashad jennings,allen robinson,terrelle pryor,kelvin benjamin,gary barnidge,denver,
aaron rodgers,melvin gordon,rashad jennings,doug martin,allen robinson,kelvin benjamin,brandon marshall,charles clay,tennessee,
tom brady,melvin gordon,rashad jennings,tevin coleman,brandon marshall,mike wallace,tyler boyd,greg olsen,san diego,
tom brady,david johnson,jeremy hill,allen robinson,deandre hopkins,devante parker,greg olsen,jared cook,jacksonville,

2565.09,103.989
19.8587
cam newton,demarco murray,jeremy hill,dion lewis,amari cooper,allen robinson,tyler boyd,greg olsen,tennessee,
tom brady,devonta freeman,carlos hyde,rashad jennings,julio jones,deandre hopkins,mike wallace,charles clay,tennessee,
aaron rodgers,todd gurley,rashad jennings,doug martin,terrelle pryor,mike wallace,tyler boyd,greg olsen,denver,
aaron rodgers,david johnson,rashad jennings,thomas rawls,allen robinson,deandre hopkins,tyler boyd,charles clay,new orleans,
aaron rodgers,demarco murray,rashad jennings,amari cooper,kelvin benjamin,brandon marshall,mike wallace,charles clay,new orleans,
blake bortles,devonta freeman,rashad jennings,doug martin,odell beckham,terrelle pryor,brandon marshall,tyler eifert,tennessee,
aaron rodgers,david johnson,jeremy hill,tevin coleman,terrelle pryor,deandre hopkins,tyler boyd,tyler eifert,tennessee,
ryan fitzpatrick,david johnson,devonta freeman,rashad jennings,terrelle pryor,rishard matthews,mike wallace,travis kelce,tennessee,
aaron rodgers,david johnson,devonta freeman,jeremy hill,allen robinson,brandon marshall,mike wallace,gary barnidge,green bay,
aaron rodgers,jeremy hill,carlos hyde,rashad jennings,odell beckham,allen robinson,tyler boyd,gary barnidge,new orleans,
cam newton,david johnson,demarco murray,tevin coleman,allen robinson,mike wallace,steve smith,charles clay,jacksonville,
carson wentz,david johnson,rashad jennings,thomas rawls,amari cooper,deandre hopkins,mike wallace,tyler eifert,tennessee,
tom brady,demarco murray,rashad jennings,thomas rawls,terrelle pryor,kelvin benjamin,mike wallace,gary barnidge,san diego,
tom brady,jeremy hill,carlos hyde,rashad jennings,allen robinson,terrelle pryor,mike wallace,greg olsen,tennessee,
tom brady,melvin gordon,rashad jennings,thomas rawls,terrelle pryor,kelvin benjamin,mike wallace,gary barnidge,tennessee,
aaron rodgers,demarco murray,rashad jennings,doug martin,allen robinson,mike wallace,tyler boyd,tyler eifert,new orleans,
aaron rodgers,melvin gordon,rashad jennings,tevin coleman,allen robinson,brandon marshall,mike wallace,tyler eifert,new orleans,
tom brady,melvin gordon,rashad jennings,tevin coleman,brandon marshall,deandre hopkins,mike wallace,tyler eifert,denver,
cam newton,david johnson,demarco murray,devontae booker,kelvin benjamin,mike wallace,tyler boyd,gary barnidge,cincinnati,
tom brady,demarco murray,jeremy hill,rashad jennings,amari cooper,mike wallace,kenny britt,charles clay,tennessee,
aaron rodgers,devonta freeman,jeremy hill,carlos hyde,terrelle pryor,rishard matthews,mike wallace,tyler eifert,denver,
ryan fitzpatrick,demarco murray,devonta freeman,rashad jennings,amari cooper,kelvin benjamin,deandre hopkins,tyler eifert,new orleans,
aaron rodgers,melvin gordon,rashad jennings,thomas rawls,deandre hopkins,mike wallace,tyler boyd,tyler eifert,denver,
tom brady,melvin gordon,jeremy hill,thomas rawls,kelvin benjamin,mike wallace,steve smith,travis kelce,new orleans,
cam newton,david johnson,devontae booker,tevin coleman,amari cooper,allen robinson,mike wallace,charles clay,tennessee,
cam newton,todd gurley,rashad jennings,thomas rawls,amari cooper,terrelle pryor,mike wallace,tyler eifert,denver,
ryan fitzpatrick,david johnson,todd gurley,thomas rawls,kelvin benjamin,deandre hopkins,mike wallace,greg olsen,tennessee,
marcus mariota,melvin gordon,rashad jennings,tevin coleman,allen robinson,terrelle pryor,mike wallace,tyler eifert,tennessee,
cam newton,melvin gordon,devonta freeman,rashad jennings,kelvin benjamin,deandre hopkins,tyler boyd,tyler eifert,tennessee,
aaron rodgers,jeremy hill,rashad jennings,doug martin,terrelle pryor,rishard matthews,mike wallace,greg olsen,denver,
aaron rodgers,rashad jennings,thomas rawls,doug martin,amari cooper,mike wallace,steve smith,greg olsen,new orleans,
aaron rodgers,rashad jennings,tevin coleman,amari cooper,allen robinson,kelvin benjamin,brandon marshall,tyler eifert,denver,
tom brady,melvin gordon,rashad jennings,tevin coleman,brandon marshall,mike wallace,tyler boyd,greg olsen,san diego,
aaron rodgers,david johnson,carlos hyde,thomas rawls,brandon marshall,mike wallace,steve smith,travis kelce,cincinnati,
blake bortles,melvin gordon,devonta freeman,rashad jennings,allen robinson,kelvin benjamin,mike wallace,tyler eifert,new orleans,
aaron rodgers,david johnson,devonta freeman,jeremy hill,terrelle pryor,deandre hopkins,mike wallace,charles clay,cincinnati,
aaron rodgers,melvin gordon,rashad jennings,thomas rawls,terrelle pryor,brandon marshall,deandre hopkins,travis kelce,tennessee,
tom brady,jeremy hill,todd gurley,carlos hyde,allen robinson,kelvin benjamin,brandon marshall,tyler eifert,denver,
cam newton,david johnson,devonta freeman,thomas rawls,terrelle pryor,mike wallace,steve smith,charles clay,new orleans,
aaron rodgers,todd gurley,rashad jennings,thomas rawls,terrelle pryor,rishard matthews,mike wallace,greg olsen,tennessee,
ryan fitzpatrick,david johnson,jeremy hill,thomas rawls,terrelle pryor,mike wallace,steve smith,greg olsen,denver,
ryan fitzpatrick,david johnson,demarco murray,jeremy hill,terrelle pryor,mike wallace,steve smith,gary barnidge,denver,
aaron rodgers,carlos hyde,rashad jennings,thomas rawls,amari cooper,mike wallace,steve smith,greg olsen,tennessee,
tom brady,devonta freeman,jeremy hill,james starks,amari cooper,mike wallace,kenny britt,greg olsen,tennessee,
aaron rodgers,melvin gordon,rashad jennings,thomas rawls,kelvin benjamin,brandon marshall,mike wallace,travis kelce,new orleans,
aaron rodgers,devonta freeman,rashad jennings,thomas rawls,allen robinson,kelvin benjamin,mike wallace,travis kelce,denver,
tom brady,devonta freeman,rashad jennings,tevin coleman,terrelle pryor,mike wallace,steve smith,greg olsen,denver,
aaron rodgers,carlos hyde,rashad jennings,tevin coleman,odell beckham,deandre hopkins,mike wallace,travis kelce,new orleans,
blake bortles,melvin gordon,carlos hyde,thomas rawls,terrelle pryor,brandon marshall,deandre hopkins,greg olsen,denver,
blake bortles,david johnson,jeremy hill,rashad jennings,terrelle pryor,deandre hopkins,mike wallace,greg olsen,new orleans,

