playerId,player,playername,position,team,playerposition,playerteam,vor,points,actualPoints,overallECR,overallRank,positionRank,cost,salary,dropoff,adp,adpdiff,auctionValue,upper,lower,risk,sleeper
"206","null","Andre Caldwell","WR","DET","WR","DET","null","0","null","null","null","152","null","null","0","null","null","null","0","0","null","null",
"230","null","Jerome Felton","RB","BUF","RB","BUF","null","0.25","null","null","null","98","null","null","0","null","null","null","0.25","0.25","5.7712","null",
"234","null","Matt Forte","RB","NYJ","RB","NYJ","null","13.39","null","null","null","8","null","null","0.535","null","null","null","13.39","13.39","null","null",
"252","null","Chad Henne","QB","JAC","QB","JAC","null","0.024","null","null","null","53","null","null","0.004","null","null","null","0.024","0.024","null","null",
"264","null","Josh Johnson","QB","NYG","QB","NYG","null","0","null","null","null","60","null","null","0","null","null","null","0","0","null","null",
"310","null","Matt Ryan","QB","ATL","QB","ATL","null","17.15","null","null","null","12","null","null","0.295","null","null","null","17.15","17.15","4.025","null",
"318","null","Jerome Simpson","WR","FA","WR","FA","null","0","null","null","null","152","null","null","0","null","null","null","0","0","null","null",
"382","null","Joe Flacco","QB","BAL","QB","BAL","null","16.26","null","null","null","16","null","null","0.37","null","null","null","16.26","16.26","4.7798","null",
"927","null","Justin Forsett","RB","DET","RB","DET","null","0.97","null","null","null","79","null","null","0.245","null","null","null","0.97","0.97","null","null",
"949","null","Jonathan Stewart","RB","CAR","RB","CAR","null","8.55","null","null","null","31","null","null","0.125","null","null","null","8.55","8.55","null","null",
"1032","null","Jordy Nelson","WR","GB","WR","GB","null","11.69","null","null","null","14","null","null","0.17","null","null","null","11.69","11.69","2.5615","null",
"1062","null","Martellus Bennett","TE","NE","TE","NE","null","5.84","null","null","null","20","null","null","0.12","null","null","null","5.84","5.84","null","null",
"1581","null","DeSean Jackson","WR","WAS","WR","WAS","null","7.44","null","null","null","50","null","null","0.08","null","null","null","7.44","7.44","null","null",
"1990","null","Eddie Royal","WR","CHI","WR","CHI","null","7.52","null","null","null","48","null","null","0.06","null","null","null","7.52","7.52","null","null",
"2346","null","Pierre Garcon","WR","WAS","WR","WAS","null","7.35","null","null","null","52","null","null","0.245","null","null","null","7.35","7.35","4.6107","null",
"2649","null","Danny Amendola","WR","NE","WR","NE","null","3.85","null","null","null","96","null","null","0.08","null","null","null","3.85","3.85","7.6846","null",
"4383","null","Tim Hightower","RB","NO","RB","NO","null","8.57","null","null","null","30","null","null","0.035","null","null","null","8.57","8.57","5.202","null",
"4433","null","Marcel Reece","RB","FA","RB","FA","null","0","null","null","null","115","null","null","0","null","null","null","0","0","null","null",
"4487","null","Matthew Slater","WR","NE","WR","NE","null","0","null","null","null","152","null","null","0","null","null","null","0","0","null","null",
"71217","null","Kenny Britt","WR","LA","WR","LA","null","8.77","null","null","null","35","null","null","0.03","null","null","null","8.77","8.77","5.4546","null",
"71255","null","Chase Coffman","TE","IND","TE","IND","null","0","null","null","null","84","null","null","0","null","null","null","0","0","null","null",
"71265","null","Jared Cook","TE","GB","TE","GB","null","5.98","null","null","null","17","null","null","0.07","null","null","null","5.98","5.98","4.4493","null",
"71269","null","Michael Crabtree","WR","OAK","WR","OAK","null","11.52","null","null","null","15","null","null","0.14","null","null","null","11.52","11.52","null","null",
"71309","null","Graham Gano","K","CAR","K","CAR","null","1.3","null","null","null","28","null","null","0.75","null","null","null","1.3","1.3","3.5409","null",
"71345","null","Rashad Jennings","RB","NYG","RB","NYG","null","11.66","null","null","null","17","null","null","0.285","null","null","null","11.66","11.66","4.2535","null",
"71417","null","Jordan Norwood","WR","DEN","WR","DEN","null","3.12","null","null","null","105","null","null","0.05","null","null","null","3.12","3.12","3.8272","null",
"71435","null","John Phillips","TE","NO","TE","NO","null","1.06","null","null","null","58","null","null","0.155","null","null","null","1.06","1.06","null","null",
"79589","null","David Johnson","TE","PIT","TE","PIT","null","0.32","null","null","null","71","null","null","0.005","null","null","null","0.32","0.32","null","null",
"79607","null","LeSean McCoy","RB","BUF","RB","BUF","null","14.13","null","null","null","6","null","null","0.505","null","null","null","14.13","14.13","2.1666","null",
"79858","null","Mark Sanchez","QB","DAL","QB","DAL","null","0","null","null","null","60","null","null","0","null","null","null","0","0","null","null",
"79860","null","Matthew Stafford","QB","DET","QB","DET","null","19.4","null","null","null","3","null","null","0.185","null","null","null","19.4","19.4","5.1573","null",
"80425","null","Percy Harvin","WR","BUF","WR","BUF","null","2","null","null","null","117","null","null","0.39","null","null","null","2","2","null","null",
"80427","null","Darrius Heyward-Bey","WR","PIT","WR","PIT","null","3.68","null","null","null","99","null","null","0.18","null","null","null","3.68","3.68","null","null",
"80429","null","Jeremy Maclin","WR","KC","WR","KC","null","10.88","null","null","null","20","null","null","0.125","null","null","null","10.88","10.88","null","null",
"81284","null","Chase Daniel","QB","PHI","QB","PHI","null","0.034","null","null","null","51","null","null","0.008","null","null","null","0.034","0.034","null","null",
"81306","null","Brandon Tate","WR","BUF","WR","BUF","null","0.61","null","null","null","126","null","null","0.025","null","null","null","0.61","0.61","4.7916","null",
"89766","null","Brandon Myers","TE","TB","TE","TB","null","0.43","null","null","null","66","null","null","0.015","null","null","null","0.43","0.43","null","null",
"100001","null","Falcons","DST","ATL","DST","ATL","null","6.5","null","null","null","17","null","null","0.05","null","null","null","6.5","6.5","3.9049","null",
"100002","null","Ravens","DST","BAL","DST","BAL","null","7.4","null","null","null","9","null","null","0.05","null","null","null","7.4","7.4","3.1076","null",
"100003","null","Bills","DST","BUF","DST","BUF","null","5.4","null","null","null","27","null","null","0.7","null","null","null","5.4","5.4","5.7652","null",
"100004","null","Panthers","DST","CAR","DST","CAR","null","7.3","null","null","null","11","null","null","0.05","null","null","null","7.3","7.3","7.2268","null",
"100005","null","Bears","DST","CHI","DST","CHI","null","6.5","null","null","null","17","null","null","0.15","null","null","null","6.5","6.5","7.2268","null",
"100006","null","Bengals","DST","CIN","DST","CIN","null","6.1","null","null","null","23","null","null","0.05","null","null","null","6.1","6.1","4.9679","null",
"100008","null","Cowboys","DST","DAL","DST","DAL","null","7.2","null","null","null","14","null","null","0.35","null","null","null","7.2","7.2","4.5693","null",
"100009","null","Broncos","DST","DEN","DST","DEN","null","10.2","null","null","null","1","null","null","1.65","null","null","null","10.2","10.2","-0.0814","null",
"100010","null","Lions","DST","DET","DST","DET","null","4.5","null","null","null","29","null","null","null","null","null","null","4.5","4.5","3.772","null",
"100011","null","Packers","DST","GB","DST","GB","null","7.3","null","null","null","11","null","null","0.1","null","null","null","7.3","7.3","4.4364","null",
"100013","null","Texans","DST","HOU","DST","HOU","null","6","null","null","null","25","null","null","0.4","null","null","null","6","6","4.835","null",
"100014","null","Colts","DST","IND","DST","IND","null","6.3","null","null","null","20","null","null","0.05","null","null","null","6.3","6.3","6.8282","null",
"100015","null","Jaguars","DST","JAC","DST","JAC","null","7.1","null","null","null","15","null","null","0.55","null","null","null","7.1","7.1","8.0241","null",
"100016","null","Chiefs","DST","KC","DST","KC","null","7.2","null","null","null","13","null","null","0.05","null","null","null","7.2","7.2","5.7652","null",
"100018","null","Raiders","DST","OAK","DST","OAK","null","6.2","null","null","null","22","null","null","0.1","null","null","null","6.2","6.2","3.9049","null",
"100019","null","Dolphins","DST","MIA","DST","MIA","null","6.3","null","null","null","20","null","null","0.15","null","null","null","6.3","6.3","3.772","null",
"100020","null","Vikings","DST","MIN","DST","MIN","null","5.8","null","null","null","26","null","null","0.65","null","null","null","5.8","5.8","5.3666","null",
"100021","null","Patriots","DST","NE","DST","NE","null","7.6","null","null","null","8","null","null","0.2","null","null","null","7.6","7.6","2.1775","null",
"100022","null","Saints","DST","NO","DST","NO","null","6.1","null","null","null","23","null","null","0.2","null","null","null","6.1","6.1","6.9611","null",
"100023","null","Giants","DST","NYG","DST","NYG","null","4.9","null","null","null","28","null","null","0.4","null","null","null","4.9","4.9","5.8981","null",
"100024","null","Jets","DST","NYJ","DST","NYJ","null","8.2","null","null","null","4","null","null","0.4","null","null","null","8.2","8.2","8.8214","null",
"100025","null","Eagles","DST","PHI","DST","PHI","null","7.7","null","null","null","7","null","null","0.2","null","null","null","7.7","7.7","3.2405","null",
"100026","null","Cardinals","DST","ARI","DST","ARI","null","7.8","null","null","null","5","null","null","0.05","null","null","null","7.8","7.8","4.3035","null",
"100027","null","Steelers","DST","PIT","DST","PIT","null","7.4","null","null","null","9","null","null","0.1","null","null","null","7.4","7.4","4.7022","null",
"100028","null","Chargers","DST","SD","DST","SD","null","6.6","null","null","null","16","null","null","0.1","null","null","null","6.6","6.6","4.1707","null",
"100029","null","49ers","DST","SF","DST","SF","null","6.4","null","null","null","19","null","null","0.1","null","null","null","6.4","6.4","5.6323","null",
"100030","null","Seahawks","DST","SEA","DST","SEA","null","8.3","null","null","null","3","null","null","0.3","null","null","null","8.3","8.3","1.5131","null",
"100031","null","Buccaneers","DST","TB","DST","TB","null","8.8","null","null","null","2","null","null","0.55","null","null","null","8.8","8.8","7.2268","null",
"100032","null","Redskins","DST","WAS","DST","WAS","null","7.8","null","null","null","5","null","null","0.15","null","null","null","7.8","7.8","6.9611","null",
"238498","null","Julian Edelman","WR","NE","WR","NE","null","11.24","null","null","null","17","null","null","0.12","null","null","null","11.24","11.24","null","null",
"497095","null","Sam Bradford","QB","MIN","QB","MIN","null","12.23","null","null","null","29","null","null","6.741","null","null","null","12.23","12.23","null","null",
"497123","null","Colt McCoy","QB","WAS","QB","WAS","null","0.128","null","null","null","37","null","null","0.008","null","null","null","0.128","0.128","null","null",
"497145","null","Joique Bell","RB","FA","RB","FA","null","0","null","null","null","115","null","null","0","null","null","null","0","0","null","null",
"497149","null","LeGarrette Blount","RB","NE","RB","NE","null","11.99","null","null","null","15","null","null","0.24","null","null","null","11.99","11.99","4.2535","null",
"497204","null","C.J. Spiller","RB","NYJ","RB","NYJ","null","0.48","null","null","null","83","null","null","0.055","null","null","null","0.48","0.48","10.9882","null",
"497206","null","James Starks","RB","GB","RB","GB","null","10.13","null","null","null","24","null","null","0.26","null","null","null","10.13","10.13","4.538","null",
"497224","null","Ed Dickson","TE","CAR","TE","CAR","null","2.79","null","null","null","49","null","null","0.19","null","null","null","2.79","2.79","4.248","null",
"497226","null","Jim Dray","TE","FA","TE","FA","null","0","null","null","null","84","null","null","0","null","null","null","0","0","null","null",
"497236","null","Jimmy Graham","TE","SEA","TE","SEA","null","11.72","null","null","null","1","null","null","1.665","null","null","null","11.72","11.72","null","null",
"497238","null","Jermaine Gresham","TE","ARI","TE","ARI","null","5.38","null","null","null","24","null","null","0.11","null","null","null","5.38","5.38","null","null",
"497240","null","Rob Gronkowski","TE","NE","TE","NE","null","7.35","null","null","null","10","null","null","0.2","null","null","null","7.35","7.35","null","null",
"497242","null","Clay Harbor","TE","DET","TE","DET","null","0.84","null","null","null","61","null","null","0.075","null","null","null","0.84","0.84","null","null",
"497254","null","Dennis Pitta","TE","BAL","TE","BAL","null","5.89","null","null","null","19","null","null","0.06","null","null","null","5.89","5.89","3.0401","null",
"497256","null","Tony Moeaki","TE","FA","TE","FA","null","0","null","null","null","84","null","null","0","null","null","null","0","0","null","null",
"497258","null","Andrew Quarless","TE","FA","TE","FA","null","0.87","null","null","null","60","null","null","0.06","null","null","null","0.87","0.87","null","null",
"497270","null","Arrelious Benn","WR","JAC","WR","JAC","null","2.03","null","null","null","116","null","null","0.095","null","null","null","2.03","2.03","8.1668","null",
"497278","null","Dez Bryant","WR","DAL","WR","DAL","null","10.71","null","null","null","22","null","null","0.35","null","null","null","10.71","10.71","3.7669","null",
"497282","null","Riley Cooper","WR","FA","WR","FA","null","0","null","null","null","152","null","null","0","null","null","null","0","0","null","null",
"497302","null","Brandon LaFell","WR","CIN","WR","CIN","null","6.72","null","null","null","56","null","null","0.12","null","null","null","6.72","6.72","null","null",
"497320","null","Andre Roberts","WR","DET","WR","DET","null","3.29","null","null","null","103","null","null","0.165","null","null","null","3.29","3.29","6.66","null",
"497322","null","Emmanuel Sanders","WR","DEN","WR","DEN","null","12.26","null","null","null","9","null","null","0.2","null","null","null","12.26","12.26","null","null",
"497326","null","Golden Tate","WR","DET","WR","DET","null","10.8","null","null","null","21","null","null","0.125","null","null","null","10.8","10.8","3.1642","null",
"497328","null","Demaryius Thomas","WR","DEN","WR","DEN","null","12.15","null","null","null","10","null","null","0.19","null","null","null","12.15","12.15","4.671","null",
"1037347","null","Joe Webb","QB","CAR","QB","CAR","null","0","null","null","null","60","null","null","0","null","null","null","0","0","null","null",
"2495139","null","Charles Clay","TE","BUF","TE","BUF","null","5.62","null","null","null","22","null","null","0.17","null","null","null","5.62","5.62","null","null",
"2495143","null","Andy Dalton","QB","CIN","QB","CIN","null","15.51","null","null","null","19","null","null","0.34","null","null","null","15.51","15.51","5.9121","null",
"2495150","null","Kai Forbath","K","MIN","K","MIN","null","1.7","null","null","null","21","null","null","0.1","null","null","null","1.7","1.7","6.1767","null",
"2495159","null","Dwayne Harris","WR","NYG","WR","NYG","null","0.37","null","null","null","136","null","null","0.005","null","null","null","0.37","0.37","null","null",
"2495181","null","Jerrod Johnson","QB","DAL","QB","DAL","null","0","null","null","null","60","null","null","0","null","null","null","0","0","null","null",
"2495186","null","Colin Kaepernick","QB","SF","QB","SF","null","18.75","null","null","null","7","null","null","0.73","null","null","null","18.75","18.75","7.4218","null",
"2495187","null","Lance Kendricks","TE","LA","TE","LA","null","5.82","null","null","null","21","null","null","0.25","null","null","null","5.82","5.82","3.1408","null",
"2495189","null","Jeremy Kerley","WR","SF","WR","SF","null","6.08","null","null","null","65","null","null","0.115","null","null","null","6.08","6.08","4.5505","null",
"2495215","null","Christian Ponder","QB","SF","QB","SF","null","0","null","null","null","60","null","null","0","null","null","null","0","0","null","null",
"2495234","null","Luke Stocker","TE","TB","TE","TB","null","0.31","null","null","null","73","null","null","0.005","null","null","null","0.31","0.31","10.7909","null",
"2495240","null","Tyrod Taylor","QB","BUF","QB","BUF","null","17.95","null","null","null","10","null","null","0.575","null","null","null","17.95","17.95","4.7798","null",
"2495258","null","Matt Asiata","RB","MIN","RB","MIN","null","8.07","null","null","null","35","null","null","0.445","null","null","null","8.07","8.07","3.874","null",
"2495259","null","Dan Bailey","K","DAL","K","DAL","null","2.2","null","null","null","9","null","null","0.1","null","null","null","2.2","2.2","4.5293","null",
"2495288","null","Virgil Green","TE","DEN","TE","DEN","null","4.78","null","null","null","28","null","null","0.16","null","null","null","4.78","4.78","4.4493","null",
"2495314","null","Bruce Miller","RB","FA","RB","FA","null","0","null","null","null","115","null","null","0","null","null","null","0","0","null","null",
"2495328","null","Bilal Powell","RB","NYJ","RB","NYJ","null","8.52","null","null","null","32","null","null","0.265","null","null","null","8.52","8.52","3.5895","null",
"2495331","null","Aldrick Robinson","WR","ATL","WR","ATL","null","0.31","null","null","null","143","null","null","0.04","null","null","null","0.31","0.31","2.4409","null",
"2495340","null","Anthony Sherman","RB","KC","RB","KC","null","0.2","null","null","null","107","null","null","0.02","null","null","null","0.2","0.2","null","null",
"2495341","null","Cecil Shorts","WR","TB","WR","TB","null","5.49","null","null","null","72","null","null","0.145","null","null","null","5.49","5.49","3.9477","null",
"2495353","null","Julius Thomas","TE","JAC","TE","JAC","null","5.21","null","null","null","26","null","null","0.32","null","null","null","5.21","5.21","null","null",
"2495425","null","Scott Tolzien","QB","IND","QB","IND","null","0.056","null","null","null","46","null","null","0.008","null","null","null","0.056","0.056","null","null",
"2495438","null","Kyle Rudolph","TE","MIN","TE","MIN","null","6.64","null","null","null","15","null","null","0.625","null","null","null","6.64","6.64","2.6375","null",
"2495441","null","Blaine Gabbert","QB","SF","QB","SF","null","0.21","null","null","null","33","null","null","0.04","null","null","null","0.21","0.21","null","null",
"2495443","null","Ryan Mallett","QB","BAL","QB","BAL","null","0.068","null","null","null","42","null","null","0.006","null","null","null","0.068","0.068","null","null",
"2495448","null","Randall Cobb","WR","GB","WR","GB","null","9.78","null","null","null","28","null","null","0.155","null","null","null","9.78","9.78","4.3697","null",
"2495453","null","Andre Holmes","WR","OAK","WR","OAK","null","3.99","null","null","null","93","null","null","0.07","null","null","null","3.99","3.99","4.4902","null",
"2495454","null","Julio Jones","WR","ATL","WR","ATL","null","14.83","null","null","null","3","null","null","0.535","null","null","null","14.83","14.83","1.5971","null",
"2495455","null","Cam Newton","QB","CAR","QB","CAR","null","14.04","null","null","null","25","null","null","0.18","null","null","null","14.04","14.04","5.5347","null",
"2495459","null","Torrey Smith","WR","SF","WR","SF","null","5.99","null","null","null","66","null","null","0.065","null","null","null","5.99","5.99","null","null",
"2495461","null","Shaun Draughn","RB","SF","RB","SF","null","4.3","null","null","null","55","null","null","0.24","null","null","null","4.3","4.3","4.1586","null",
"2495466","null","Mark Ingram","RB","NO","RB","NO","null","12.97","null","null","null","9","null","null","0.365","null","null","null","12.97","12.97","null","null",
"2495467","null","Taiwan Jones","RB","OAK","RB","OAK","null","0.19","null","null","null","108","null","null","0.03","null","null","null","0.19","0.19","3.874","null",
"2495469","null","Dion Lewis","RB","NE","RB","NE","null","7.29","null","null","null","37","null","null","0.315","null","null","null","7.29","7.29","3.1152","null",
"2495470","null","Stevan Ridley","RB","FA","RB","FA","null","0","null","null","null","115","null","null","0","null","null","null","0","0","null","null",
"2495471","null","Jacquizz Rodgers","RB","TB","RB","TB","null","4.35","null","null","null","54","null","null","0.125","null","null","null","4.35","4.35","null","null",
"2495472","null","Jordan Todman","RB","IND","RB","IND","null","0.22","null","null","null","104","null","null","0.01","null","null","null","0.22","0.22","3.874","null",
"2495700","null","Greg Olsen","TE","CAR","TE","CAR","null","9.12","null","null","null","5","null","null","0.29","null","null","null","9.12","9.12","2.0335","null",
"2495748","null","Drew Stanton","QB","ARI","QB","ARI","null","0.072","null","null","null","40","null","null","0.002","null","null","null","0.072","0.072","null","null",
"2495826","null","Vernon Davis","TE","WAS","TE","WAS","null","7.1","null","null","null","12","null","null","0.305","null","null","null","7.1","7.1","4.9526","null",
"2495893","null","Brandon Marshall","WR","NYJ","WR","NYJ","null","11.97","null","null","null","11","null","null","0.115","null","null","null","11.97","11.97","null","null",
"2500351","null","Phil Dawson","K","SF","K","SF","null","2","null","null","null","14","null","null","0.05","null","null","null","2","2","6.1767","null",
"2503471","null","Adam Vinatieri","K","IND","K","IND","null","1.9","null","null","null","16","null","null","0.1","null","null","null","1.9","1.9","3.5409","null",
"2504162","null","Shayne Graham","K","FA","K","FA","null","0","null","null","null","30","null","null","0","null","null","null","0","0","null","null",
"2504211","null","Tom Brady","QB","NE","QB","NE","null","19.21","null","null","null","5","null","null","0.45","null","null","null","19.21","19.21","null","null",
"2504257","null","Sebastian Janikowski","K","OAK","K","OAK","null","2.2","null","null","null","7","null","null","0","null","null","null","2.2","2.2","5.1883","null",
"2504595","null","Steve Smith","WR","BAL","WR","BAL","null","10.08","null","null","null","24","null","null","0.135","null","null","null","10.08","10.08","4.1286","null",
"2504775","null","Drew Brees","QB","NO","QB","NO","null","21.12","null","null","null","1","null","null","1.365","null","null","null","21.12","21.12","-2.3913","null",
"2504797","null","Matt Bryant","K","ATL","K","ATL","null","2.3","null","null","null","6","null","null","0.1","null","null","null","2.3","2.3","3.2114","null",
"2504833","null","Shaun Hill","QB","MIN","QB","MIN","null","0.154","null","null","null","36","null","null","0.027","null","null","null","0.154","0.154","null","null",
"2505245","null","Carson Palmer","QB","ARI","QB","ARI","null","18.07","null","null","null","8","null","null","0.11","null","null","null","18.07","18.07","null","null",
"2505299","null","Antonio Gates","TE","SD","TE","SD","null","9.16","null","null","null","4","null","null","0.04","null","null","null","9.16","9.16","4.6507","null",
"2505354","null","Tony Romo","QB","DAL","QB","DAL","null","0.848","null","null","null","31","null","null","0.342","null","null","null","0.848","0.848","null","null",
"2505587","null","Anquan Boldin","WR","DET","WR","DET","null","7.84","null","null","null","45","null","null","0.22","null","null","null","7.84","7.84","5.3943","null",
"2505629","null","Jason Witten","TE","DAL","TE","DAL","null","6.05","null","null","null","16","null","null","0.095","null","null","null","6.05","6.05","2.9394","null",
"2505982","null","Matt Schaub","QB","ATL","QB","ATL","null","0.036","null","null","null","50","null","null","0.005","null","null","null","0.036","0.036","null","null",
"2505996","null","Eli Manning","QB","NYG","QB","NYG","null","14.49","null","null","null","22","null","null","0.24","null","null","null","14.49","14.49","7.7993","null",
"2506053","null","Luke McCown","QB","NO","QB","NO","null","0.044","null","null","null","48","null","null","0.006","null","null","null","0.044","0.044","null","null",
"2506106","null","Larry Fitzgerald","WR","ARI","WR","ARI","null","13.87","null","null","null","5","null","null","0.805","null","null","null","13.87","13.87","null","null",
"2506109","null","Ben Roethlisberger","QB","PIT","QB","PIT","null","17.97","null","null","null","9","null","null","0.195","null","null","null","17.97","17.97","2.8927","null",
"2506121","null","Philip Rivers","QB","SD","QB","SD","null","19.22","null","null","null","4","null","null","0.23","null","null","null","19.22","19.22","4.4024","null",
"2506147","null","John Kuhn","RB","NO","RB","NO","null","3.85","null","null","null","59","null","null","0.29","null","null","null","3.85","3.85","7.194","null",
"2506194","null","Nick Novak","K","HOU","K","HOU","null","1.4","null","null","null","26","null","null","0.05","null","null","null","1.4","1.4","4.5293","null",
"2506264","null","Robbie Gould","K","NYG","K","NYG","null","1.5","null","null","null","23","null","null","0","null","null","null","1.5","1.5","7.8241","null",
"2506340","null","Alex Smith","QB","KC","QB","KC","null","16.57","null","null","null","14","null","null","0.25","null","null","null","16.57","16.57","6.667","null",
"2506363","null","Aaron Rodgers","QB","GB","QB","GB","null","20.11","null","null","null","2","null","null","0.8","null","null","null","20.11","20.11","null","null",
"2506386","null","Mike Nugent","K","CIN","K","CIN","null","1.5","null","null","null","23","null","null","0.05","null","null","null","1.5","1.5","3.2114","null",
"2506404","null","Frank Gore","RB","IND","RB","IND","null","9.67","null","null","null","26","null","null","0.045","null","null","null","9.67","9.67","2.8306","null",
"2506467","null","Darren Sproles","RB","PHI","RB","PHI","null","10.07","null","null","null","25","null","null","0.405","null","null","null","10.07","10.07","5.1072","null",
"2506481","null","Dan Orlovsky","QB","DET","QB","DET","null","0.028","null","null","null","52","null","null","0.006","null","null","null","0.028","0.028","null","null",
"2506546","null","Derek Anderson","QB","CAR","QB","CAR","null","0.072","null","null","null","40","null","null","0.007","null","null","null","0.072","0.072","null","null",
"2506581","null","Ryan Fitzpatrick","QB","NYJ","QB","NYJ","null","15.63","null","null","null","18","null","null","0.27","null","null","null","15.63","15.63","null","null",
"2506677","null","Matt Prater","K","DET","K","DET","null","2.1","null","null","null","10","null","null","0","null","null","null","2.1","2.1","3.2114","null",
"2506874","null","Reggie Bush","RB","BUF","RB","BUF","null","0.4","null","null","null","87","null","null","0.055","null","null","null","0.4","0.4","8.7117","null",
"2506895","null","Kellen Clemens","QB","SD","QB","SD","null","0.012","null","null","null","57","null","null","0.004","null","null","null","0.012","0.012","null","null",
"2506897","null","Devin Hester","WR","BAL","WR","BAL","null","0","null","null","null","152","null","null","0","null","null","null","0","0","null","null",
"2506922","null","Stephen Gostkowski","K","NE","K","NE","null","2.4","null","null","null","1","null","null","0","null","null","null","2.4","2.4","8.4831","null",
"2507029","null","Eric Weems","WR","ATL","WR","ATL","null","0.1","null","null","null","151","null","null","0.1","null","null","null","0.1","0.1","null","null",
"2507166","null","Ted Ginn","WR","CAR","WR","CAR","null","3.13","null","null","null","104","null","null","0.03","null","null","null","3.13","3.13","null","null",
"2507183","null","James Jones","WR","FA","WR","FA","null","0","null","null","null","152","null","null","0","null","null","null","0","0","null","null",
"2507218","null","Brent Celek","TE","PHI","TE","PHI","null","0.65","null","null","null","64","null","null","0.145","null","null","null","0.65","0.65","8.3751","null",
"2507225","null","Nick Folk","K","NYJ","K","NYJ","null","2.2","null","null","null","7","null","null","0.05","null","null","null","2.2","2.2","7.1652","null",
"2507232","null","Mason Crosby","K","GB","K","GB","null","2.4","null","null","null","3","null","null","0.1","null","null","null","2.4","2.4","2.5524","null",
"2507282","null","Matt Moore","QB","MIA","QB","MIA","null","0.008","null","null","null","58","null","null","0.004","null","null","null","0.008","0.008","null","null",
"2507374","null","Steven Hauschka","K","SEA","K","SEA","null","2.1","null","null","null","10","null","null","0","null","null","null","2.1","2.1","null","null",
"2507401","null","Dan Carpenter","K","BUF","K","BUF","null","1.8","null","null","null","17","null","null","2.2204e-16","null","null","null","1.8","1.8","2.2229","null",
"2507428","null","Mike Tolbert","RB","CAR","RB","CAR","null","1.58","null","null","null","74","null","null","0.045","null","null","null","1.58","1.58","7.5734","null",
"2507463","null","Connor Barth","K","CHI","K","CHI","null","1.8","null","null","null","18","null","null","0.05","null","null","null","1.8","1.8","8.1536","null",
"2507763","null","Mike Wallace","WR","BAL","WR","BAL","null","7.87","null","null","null","44","null","null","0.13","null","null","null","7.87","7.87","4.6107","null",
"2507828","null","Logan Paulsen","TE","CHI","TE","CHI","null","3.46","null","null","null","42","null","null","0.145","null","null","null","3.46","3.46","9.583","null",
"2507855","null","Victor Cruz","WR","NYG","WR","NYG","null","6.36","null","null","null","60","null","null","0.09","null","null","null","6.36","6.36","4.9121","null",
"2507999","null","Chris Ivory","RB","JAC","RB","JAC","null","6.9","null","null","null","39","null","null","0.77","null","null","null","6.9","6.9","null","null",
"2508061","null","Antonio Brown","WR","PIT","WR","PIT","null","17.54","null","null","null","1","null","null","2.1","null","null","null","17.54","17.54","1.2958","null",
"2508101","null","James Develin","RB","NE","RB","NE","null","0.21","null","null","null","105","null","null","0.005","null","null","null","0.21","0.21","null","null",
"2508112","null","Rob Housler","TE","FA","TE","FA","null","0","null","null","null","84","null","null","0","null","null","null","0","0","null","null",
"2508115","null","Vincent Brown","WR","FA","WR","FA","null","0","null","null","null","152","null","null","0","null","null","null","0","0","null","null",
"2528181","null","Bryan Walters","WR","JAC","WR","JAC","null","0.33","null","null","null","140","null","null","0.01","null","null","null","0.33","0.33","7.0819","null",
"2530515","null","Chris Hogan","WR","NE","WR","NE","null","6.25","null","null","null","62","null","null","0.095","null","null","null","6.25","6.25","null","null",
"2530598","null","Jeremy Ross","WR","NYJ","WR","NYJ","null","0","null","null","null","152","null","null","0","null","null","null","0","0","null","null",
"2530660","null","Kamar Aiken","WR","BAL","WR","BAL","null","4.03","null","null","null","91","null","null","0.025","null","null","null","4.03","4.03","null","null",
"2530690","null","DuJuan Harris","RB","SF","RB","SF","null","3.47","null","null","null","61","null","null","0.155","null","null","null","3.47","3.47","4.4432","null",
"2530700","null","Dontrelle Inman","WR","SD","WR","SD","null","7.64","null","null","null","46","null","null","0.08","null","null","null","7.64","7.64","null","null",
"2530747","null","Doug Baldwin","WR","SEA","WR","SEA","null","13.67","null","null","null","6","null","null","1.27","null","null","null","13.67","13.67","2.682","null",
"2530763","null","Patrick DiMarco","RB","ATL","RB","ATL","null","0.28","null","null","null","96","null","null","0.015","null","null","null","0.28","0.28","8.8066","null",
"2531218","null","Chase Reynolds","RB","LA","RB","LA","null","0","null","null","null","115","null","null","0","null","null","null","0","0","null","null",
"2532790","null","Travis Benjamin","WR","SD","WR","SD","null","8.49","null","null","null","39","null","null","0.18","null","null","null","8.49","8.49","4.008","null",
"2532797","null","Brandon Bolden","RB","NE","RB","NE","null","0.29","null","null","null","93","null","null","0","null","null","null","0.29","0.29","null","null",
"2532820","null","Kirk Cousins","QB","WAS","QB","WAS","null","14.41","null","null","null","23","null","null","0.345","null","null","null","14.41","14.41","5.5347","null",
"2532835","null","Rhett Ellison","TE","MIN","TE","MIN","null","2.95","null","null","null","48","null","null","0.205","null","null","null","2.95","2.95","4.6507","null",
"2532838","null","Coby Fleener","TE","NO","TE","NO","null","6.77","null","null","null","14","null","null","0.425","null","null","null","6.77","6.77","4.852","null",
"2532841","null","Michael Floyd","WR","ARI","WR","ARI","null","8.95","null","null","null","33","null","null","0.13","null","null","null","8.95","8.95","null","null",
"2532842","null","Nick Foles","QB","KC","QB","KC","null","0.17","null","null","null","34","null","null","0.008","null","null","null","0.17","0.17","null","null",
"2532853","null","Ladarius Green","TE","PIT","TE","PIT","null","3.8","null","null","null","35","null","null","0.035","null","null","null","3.8","3.8","5.9592","null",
"2532864","null","Dan Herron","RB","FA","RB","FA","null","0","null","null","null","115","null","null","0","null","null","null","0","0","null","null",
"2532865","null","T.Y. Hilton","WR","IND","WR","IND","null","11.09","null","null","null","19","null","null","0.25","null","null","null","11.09","11.09","null","null",
"2532884","null","Marvin Jones","WR","DET","WR","DET","null","9.31","null","null","null","31","null","null","0.27","null","null","null","9.31","9.31","null","null",
"2532887","null","Jermaine Kearse","WR","SEA","WR","SEA","null","6.13","null","null","null","64","null","null","0.095","null","null","null","6.13","6.13","6.7203","null",
"2532888","null","Case Keenum","QB","LA","QB","LA","null","0.17","null","null","null","34","null","null","0.029","null","null","null","0.17","0.17","null","null",
"2532899","null","Doug Martin","RB","TB","RB","TB","null","12.31","null","null","null","12","null","null","0.185","null","null","null","12.31","12.31","3.5895","null",
"2532900","null","Keshawn Martin","WR","FA","WR","FA","null","0.61","null","null","null","126","null","null","0.06","null","null","null","0.61","0.61","null","null",
"2532926","null","Isaiah Pead","RB","FA","RB","FA","null","0","null","null","null","115","null","null","0","null","null","null","0","0","null","null",
"2532933","null","Brian Quick","WR","LA","WR","LA","null","5.9","null","null","null","69","null","null","0.25","null","null","null","5.9","5.9","6.4792","null",
"2532956","null","Ryan Tannehill","QB","MIA","QB","MIA","null","13.06","null","null","null","28","null","null","1.88","null","null","null","13.06","13.06","6.2895","null",
"2532960","null","Nick Toon","WR","FA","WR","FA","null","0","null","null","null","152","null","null","0","null","null","null","0","0","null","null",
"2532968","null","Blair Walsh","K","FA","K","FA","null","0","null","null","null","30","null","null","0","null","null","null","0","0","null","null",
"2532970","null","Brandon Weeden","QB","HOU","QB","HOU","null","0","null","null","null","60","null","null","0","null","null","null","0","0","null","null",
"2532975","null","Russell Wilson","QB","SEA","QB","SEA","null","18.77","null","null","null","6","null","null","0.36","null","null","null","18.77","18.77","5.1573","null",
"2532978","null","Jarius Wright","WR","MIN","WR","MIN","null","1.07","null","null","null","120","null","null","0.04","null","null","null","1.07","1.07","3.345","null",
"2533031","null","Andrew Luck","QB","IND","QB","IND","null","16.15","null","null","null","17","null","null","0.58","null","null","null","16.15","16.15","5.1573","null",
"2533034","null","Lamar Miller","RB","HOU","RB","HOU","null","12.47","null","null","null","11","null","null","0.2","null","null","null","12.47","12.47","3.3049","null",
"2533040","null","Mohamed Sanu","WR","ATL","WR","ATL","null","6.99","null","null","null","54","null","null","0.215","null","null","null","6.99","6.99","4.671","null",
"2533046","null","Dwayne Allen","TE","IND","TE","IND","null","5","null","null","null","27","null","null","0.22","null","null","null","5","5","4.852","null",
"2533047","null","Orson Charles","TE","DET","TE","DET","null","0","null","null","null","84","null","null","0","null","null","null","0","0","null","null",
"2533349","null","Austin Davis","QB","DEN","QB","DEN","null","0","null","null","null","60","null","null","0","null","null","null","0","0","null","null",
"2533353","null","Cory Harkey","TE","LA","TE","LA","null","0.2","null","null","null","79","null","null","0","null","null","null","0.2","0.2","null","null",
"2533436","null","Brock Osweiler","QB","HOU","QB","HOU","null","14.09","null","null","null","24","null","null","0.07","null","null","null","14.09","14.09","5.1573","null",
"2533437","null","Ronnie Hillman","RB","SD","RB","SD","null","0","null","null","null","115","null","null","0","null","null","null","0","0","null","null",
"2533444","null","Randy Bullock","K","PIT","K","PIT","null","0","null","null","null","30","null","null","0","null","null","null","0","0","null","null",
"2533457","null","Alfred Morris","RB","DAL","RB","DAL","null","2.84","null","null","null","68","null","null","0.41","null","null","null","2.84","2.84","4.538","null",
"2533460","null","Robert Turbin","RB","IND","RB","IND","null","3.08","null","null","null","66","null","null","0.16","null","null","null","3.08","3.08","3.874","null",
"2533533","null","Rueben Randle","WR","FA","WR","FA","null","0","null","null","null","152","null","null","0","null","null","null","0","0","null","null",
"2534241","null","Derek Carrier","TE","WAS","TE","WAS","null","0.23","null","null","null","78","null","null","0.03","null","null","null","0.23","0.23","5.154","null",
"2534436","null","Deonte Thompson","WR","CHI","WR","CHI","null","1.35","null","null","null","119","null","null","0.285","null","null","null","1.35","1.35","4.6107","null",
"2534437","null","Austin Johnson","RB","FA","RB","FA","null","0","null","null","null","115","null","null","0","null","null","null","0","0","null","null",
"2534571","null","Bobby Rainey","RB","NYG","RB","NYG","null","0.72","null","null","null","81","null","null","0.225","null","null","null","0.72","0.72","5.6763","null",
"2534770","null","Jonathan Grimes","RB","HOU","RB","HOU","null","0.41","null","null","null","86","null","null","0.035","null","null","null","0.41","0.41","7.858","null",
"2534789","null","Daryl Richardson","RB","FA","RB","FA","null","0.29","null","null","null","93","null","null","0.005","null","null","null","0.29","0.29","null","null",
"2534797","null","Greg Zuerlein","K","LA","K","LA","null","1.1","null","null","null","29","null","null","1.1","null","null","null","1.1","1.1","4.5293","null",
"2534820","null","Garrett Celek","TE","SF","TE","SF","null","3.77","null","null","null","36","null","null","0.025","null","null","null","3.77","3.77","2.7381","null",
"2534889","null","Matt Simms","QB","FA","QB","FA","null","0","null","null","null","60","null","null","0","null","null","null","0","0","null","null",
"2535634","null","Chris Givens","WR","FA","WR","FA","null","0","null","null","null","152","null","null","0","null","null","null","0","0","null","null",
"2535696","null","Joe Banyard","RB","JAC","RB","JAC","null","0","null","null","null","115","null","null","0","null","null","null","0","0","null","null",
"2535698","null","Cole Beasley","WR","DAL","WR","DAL","null","8.72","null","null","null","37","null","null","0.19","null","null","null","8.72","8.72","4.8518","null",
"2535708","null","Lance Dunbar","RB","DAL","RB","DAL","null","3","null","null","null","67","null","null","0.255","null","null","null","3","3","7.4786","null",
"2535724","null","Dominique Jones","TE","MIA","TE","MIA","null","4.17","null","null","null","32","null","null","0.2","null","null","null","4.17","4.17","2.9394","null",
"2535869","null","Rod Streater","WR","SF","WR","SF","null","0.5","null","null","null","130","null","null","0.005","null","null","null","0.5","0.5","6.66","null",
"2535876","null","Griff Whalen","WR","FA","WR","FA","null","0","null","null","null","152","null","null","0","null","null","null","0","0","null","null",
"2535890","null","Travaris Cadet","RB","NO","RB","NO","null","3.34","null","null","null","62","null","null","0.05","null","null","null","3.34","3.34","6.53","null",
"2535943","null","Sean McGrath","TE","SD","TE","SD","null","0.3","null","null","null","75","null","null","0.025","null","null","null","0.3","0.3","5.4559","null",
"2535964","null","Josh Bellamy","WR","CHI","WR","CHI","null","3.82","null","null","null","97","null","null","0.12","null","null","null","3.82","3.82","5.4546","null",
"2535966","null","Brenton Bersin","WR","CAR","WR","CAR","null","0.49","null","null","null","132","null","null","0.015","null","null","null","0.49","0.49","null","null",
"2535988","null","Brittan Golden","WR","ARI","WR","ARI","null","0.19","null","null","null","147","null","null","0.04","null","null","null","0.19","0.19","6.66","null",
"2536044","null","Jamize Olawale","RB","OAK","RB","OAK","null","4.44","null","null","null","53","null","null","0.115","null","null","null","4.44","4.44","6.8146","null",
"2536340","null","Justin Tucker","K","BAL","K","BAL","null","2","null","null","null","14","null","null","0.15","null","null","null","2","2","2.2229","null",
"2536342","null","Brandon Bostick","TE","NYJ","TE","NYJ","null","0.31","null","null","null","73","null","null","0.015","null","null","null","0.31","0.31","null","null",
"2537933","null","Larry Donnell","TE","NYG","TE","NYG","null","1.41","null","null","null","57","null","null","0.41","null","null","null","1.41","1.41","null","null",
"2539203","null","Cobi Hamilton","WR","PIT","WR","PIT","null","3.05","null","null","null","108","null","null","0.14","null","null","null","3.05","3.05","4.6107","null",
"2539205","null","Terrance Williams","WR","DAL","WR","DAL","null","5.45","null","null","null","73","null","null","0.23","null","null","null","5.45","5.45","6.1778","null",
"2539214","null","Kenbrell Thompkins","WR","FA","WR","FA","null","0","null","null","null","152","null","null","0","null","null","null","0","0","null","null",
"2539217","null","Andre Ellington","RB","ARI","RB","ARI","null","4.15","null","null","null","56","null","null","0.22","null","null","null","4.15","4.15","4.4432","null",
"2539227","null","Dustin Hopkins","K","WAS","K","WAS","null","1.8","null","null","null","18","null","null","0.1","null","null","null","1.8","1.8","5.8472","null",
"2539228","null","EJ Manuel","QB","BUF","QB","BUF","null","0.062","null","null","null","43","null","null","0.001","null","null","null","0.062","0.062","null","null",
"2539250","null","Quinton Patton","WR","SF","WR","SF","null","4.7","null","null","null","81","null","null","0.09","null","null","null","4.7","4.7","null","null",
"2539256","null","Aaron Dobson","WR","FA","WR","FA","null","0","null","null","null","152","null","null","0","null","null","null","0","0","null","null",
"2539258","null","Zac Dysert","QB","FA","QB","FA","null","0","null","null","null","60","null","null","0","null","null","null","0","0","null","null",
"2539260","null","Denard Robinson","RB","JAC","RB","JAC","null","0.42","null","null","null","85","null","null","0.015","null","null","null","0.42","0.42","5.3917","null",
"2539265","null","Rex Burkhead","RB","CIN","RB","CIN","null","6.04","null","null","null","41","null","null","0.16","null","null","null","6.04","6.04","4.1586","null",
"2539275","null","Mike Glennon","QB","TB","QB","TB","null","0.114","null","null","null","39","null","null","0.042","null","null","null","0.114","0.114","null","null",
"2539287","null","Landry Jones","QB","PIT","QB","PIT","null","0.052","null","null","null","47","null","null","0.01","null","null","null","0.052","0.052","null","null",
"2539289","null","Kenjon Barner","RB","PHI","RB","PHI","null","3.29","null","null","null","63","null","null","0.01","null","null","null","3.29","3.29","6.9094","null",
"2539303","null","Zach Line","RB","MIN","RB","MIN","null","0.17","null","null","null","109","null","null","0.025","null","null","null","0.17","0.17","5.9609","null",
"2539308","null","Matt Barkley","QB","CHI","QB","CHI","null","15.13","null","null","null","21","null","null","0.68","null","null","null","15.13","15.13","6.2895","null",
"2539315","null","Stepfan Taylor","RB","ARI","RB","ARI","null","0.25","null","null","null","98","null","null","0.005","null","null","null","0.25","0.25","null","null",
"2539322","null","Christine Michael","RB","GB","RB","GB","null","1.51","null","null","null","76","null","null","0.32","null","null","null","1.51","1.51","6.4352","null",
"2539336","null","Tavon Austin","WR","LA","WR","LA","null","6.18","null","null","null","63","null","null","0.075","null","null","null","6.18","6.18","null","null",
"2539637","null","Caleb Sturgis","K","PHI","K","PHI","null","1.7","null","null","null","20","null","null","4.4409e-16","null","null","null","1.7","1.7","5.8472","null",
"2539645","null","Brandon Williams","TE","SEA","TE","SEA","null","0.2","null","null","null","79","null","null","0.025","null","null","null","0.2","0.2","8.4757","null",
"2539663","null","Mike Gillislee","RB","BUF","RB","BUF","null","6.22","null","null","null","40","null","null","0.24","null","null","null","6.22","6.22","null","null",
"2539674","null","Rodney Smith","WR","FA","WR","FA","null","0","null","null","null","152","null","null","0","null","null","null","0","0","null","null",
"2539961","null","Ryan Nassib","QB","NYG","QB","NYG","null","0.02","null","null","null","54","null","null","0.002","null","null","null","0.02","0.02","null","null",
"2539964","null","Marquise Goodwin","WR","BUF","WR","BUF","null","4.74","null","null","null","80","null","null","0.07","null","null","null","4.74","4.74","null","null",
"2539980","null","Kerwynn Williams","RB","ARI","RB","ARI","null","0","null","null","null","115","null","null","0","null","null","null","0","0","null","null",
"2539995","null","Mychal Rivera","TE","OAK","TE","OAK","null","2.7","null","null","null","50","null","null","0.255","null","null","null","2.7","2.7","4.7513","null",
"2540005","null","Marlon Brown","WR","DEN","WR","DEN","null","0","null","null","null","152","null","null","0","null","null","null","0","0","null","null",
"2540011","null","Chris Thompson","RB","WAS","RB","WAS","null","5.84","null","null","null","43","null","null","0.215","null","null","null","5.84","5.84","null","null",
"2540020","null","Theo Riddick","RB","DET","RB","DET","null","10.73","null","null","null","22","null","null","0.41","null","null","null","10.73","10.73","null","null",
"2540037","null","Fozzy Whittaker","RB","CAR","RB","CAR","null","3.65","null","null","null","60","null","null","0.245","null","null","null","3.65","3.65","5.1072","null",
"2540145","null","Cordarrelle Patterson","WR","MIN","WR","MIN","null","4.05","null","null","null","90","null","null","0.025","null","null","null","4.05","4.05","3.8272","null",
"2540148","null","Tyler Eifert","TE","CIN","TE","CIN","null","9.83","null","null","null","3","null","null","0.69","null","null","null","9.83","9.83","2.6375","null",
"2540151","null","Justin Hunter","WR","BUF","WR","BUF","null","4.35","null","null","null","89","null","null","0.31","null","null","null","4.35","4.35","5.997","null",
"2540158","null","Zach Ertz","TE","PHI","TE","PHI","null","6.82","null","null","null","13","null","null","0.115","null","null","null","6.82","6.82","4.0467","null",
"2540160","null","Jordan Reed","TE","WAS","TE","WAS","null","7.63","null","null","null","9","null","null","0.355","null","null","null","7.63","7.63","null","null",
"2540165","null","DeAndre Hopkins","WR","HOU","WR","HOU","null","11.76","null","null","null","13","null","null","0.155","null","null","null","11.76","11.76","3.5258","null",
"2540169","null","Robert Woods","WR","BUF","WR","BUF","null","8.11","null","null","null","43","null","null","0.255","null","null","null","8.11","8.11","null","null",
"2540175","null","LeVeon Bell","RB","PIT","RB","PIT","null","19.19","null","null","null","2","null","null","2.235","null","null","null","19.19","19.19","0.9335","null",
"2540177","null","Marquess Wilson","WR","CHI","WR","CHI","null","7.6","null","null","null","47","null","null","0.1","null","null","null","7.6","7.6","5.334","null",
"2540178","null","Knile Davis","RB","KC","RB","KC","null","0.34","null","null","null","89","null","null","0.01","null","null","null","0.34","0.34","5.6763","null",
"2540200","null","Dion Sims","TE","MIA","TE","MIA","null","3.13","null","null","null","46","null","null","0.13","null","null","null","3.13","3.13","2.4361","null",
"2540202","null","Kenny Stills","WR","MIA","WR","MIA","null","6.29","null","null","null","61","null","null","0.075","null","null","null","6.29","6.29","6.1175","null",
"2540203","null","Levine Toilolo","TE","ATL","TE","ATL","null","4.46","null","null","null","30","null","null","0.185","null","null","null","4.46","4.46","5.9592","null",
"2540204","null","Spencer Ware","RB","KC","RB","KC","null","14.37","null","null","null","5","null","null","0.375","null","null","null","14.37","14.37","2.6409","null",
"2540211","null","Gavin Escobar","TE","DAL","TE","DAL","null","3.55","null","null","null","41","null","null","0.1","null","null","null","3.55","3.55","5.154","null",
"2540215","null","Vance McDonald","TE","SF","TE","SF","null","5.93","null","null","null","18","null","null","0.065","null","null","null","5.93","5.93","3.8454","null",
"2540224","null","Mike James","RB","TB","RB","TB","null","0","null","null","null","115","null","null","0","null","null","null","0","0","null","null",
"2540225","null","Tommy Bohanon","RB","FA","RB","FA","null","0","null","null","null","115","null","null","0","null","null","null","0","0","null","null",
"2540230","null","Kyle Juszczyk","RB","BAL","RB","BAL","null","1.78","null","null","null","71","null","null","0.13","null","null","null","1.78","1.78","6.1506","null",
"2540232","null","Jack Doyle","TE","IND","TE","IND","null","5.33","null","null","null","25","null","null","0.225","null","null","null","5.33","5.33","4.4493","null",
"2540258","null","Travis Kelce","TE","KC","TE","KC","null","10.28","null","null","null","2","null","null","0.785","null","null","null","10.28","10.28","1.5302","null",
"2540259","null","MarQueis Gray","TE","MIA","TE","MIA","null","3.64","null","null","null","40","null","null","0.135","null","null","null","3.64","3.64","5.5566","null",
"2540261","null","Corey Fuller","WR","FA","WR","FA","null","0.67","null","null","null","125","null","null","0.06","null","null","null","0.67","0.67","null","null",
"2540279","null","Nick Williams","WR","FA","WR","FA","null","0","null","null","null","152","null","null","0","null","null","null","0","0","null","null",
"2540928","null","Darren Fells","TE","ARI","TE","ARI","null","0.78","null","null","null","62","null","null","0.08","null","null","null","0.78","0.78","8.1737","null",
"2541147","null","Charles Johnson","WR","MIN","WR","MIN","null","0.36","null","null","null","138","null","null","0.02","null","null","null","0.36","0.36","4.9121","null",
"2541161","null","Latavius Murray","RB","OAK","RB","OAK","null","12.74","null","null","null","10","null","null","0.35","null","null","null","12.74","12.74","null","null",
"2541185","null","Ryan Griffin","QB","TB","QB","TB","null","0","null","null","null","60","null","null","0","null","null","null","0","0","null","null",
"2541187","null","Demetrius Harris","TE","KC","TE","KC","null","3.05","null","null","null","47","null","null","0.18","null","null","null","3.05","3.05","4.9526","null",
"2541199","null","Luke Willson","TE","SEA","TE","SEA","null","4.38","null","null","null","31","null","null","0.3","null","null","null","4.38","4.38","null","null",
"2541316","null","Ryan Griffin","TE","HOU","TE","HOU","null","3.95","null","null","null","34","null","null","0.165","null","null","null","3.95","3.95","null","null",
"2541388","null","Brice Butler","WR","DAL","WR","DAL","null","3.4","null","null","null","101","null","null","0.06","null","null","null","3.4","3.4","2.7423","null",
"2541544","null","Benny Cunningham","RB","LA","RB","LA","null","3.89","null","null","null","58","null","null","0.14","null","null","null","3.89","3.89","4.538","null",
"2541556","null","Brandon McManus","K","DEN","K","DEN","null","2.1","null","null","null","10","null","null","0.05","null","null","null","2.1","2.1","4.8588","null",
"2541785","null","Adam Thielen","WR","MIN","WR","MIN","null","5.91","null","null","null","68","null","null","0.11","null","null","null","5.91","5.91","null","null",
"2541828","null","Frankie Hammond","WR","FA","WR","FA","null","0.23","null","null","null","145","null","null","0.03","null","null","null","0.23","0.23","null","null",
"2541834","null","Josh Hill","TE","NO","TE","NO","null","4.78","null","null","null","28","null","null","0.36","null","null","null","4.78","4.78","5.2546","null",
"2541910","null","George Winn","RB","FA","RB","FA","null","0","null","null","null","115","null","null","0","null","null","null","0","0","null","null",
"2541940","null","Rashad Ross","WR","WAS","WR","WAS","null","0","null","null","null","152","null","null","0","null","null","null","0","0","null","null",
"2541944","null","Russell Shepard","WR","TB","WR","TB","null","4.51","null","null","null","84","null","null","0.11","null","null","null","4.51","4.51","4.5505","null",
"2542022","null","Khiry Robinson","RB","FA","RB","FA","null","0","null","null","null","115","null","null","0","null","null","null","0","0","null","null",
"2542060","null","Jordan Gay","K","BUF","K","BUF","null","0","null","null","null","30","null","null","null","null","null","null","0","0","null","null",
"2542065","null","Matt McGloin","QB","OAK","QB","OAK","null","0.04","null","null","null","49","null","null","0.005","null","null","null","0.04","0.04","null","null",
"2543457","null","Sammy Watkins","WR","BUF","WR","BUF","null","8.87","null","null","null","34","null","null","0.105","null","null","null","8.87","8.87","null","null",
"2543466","null","Eric Ebron","TE","DET","TE","DET","null","9.12","null","null","null","5","null","null","1","null","null","null","9.12","9.12","2.6375","null",
"2543468","null","Mike Evans","WR","TB","WR","TB","null","16.05","null","null","null","2","null","null","1.275","null","null","null","16.05","16.05","null","null",
"2543471","null","Kelvin Benjamin","WR","CAR","WR","CAR","null","9.96","null","null","null","25","null","null","0.08","null","null","null","9.96","9.96","null","null",
"2543475","null","Marqise Lee","WR","JAC","WR","JAC","null","5.2","null","null","null","75","null","null","0.18","null","null","null","5.2","5.2","4.0683","null",
"2543477","null","Blake Bortles","QB","JAC","QB","JAC","null","13.72","null","null","null","27","null","null","1.075","null","null","null","13.72","13.72","null","null",
"2543488","null","Jarvis Landry","WR","MIA","WR","MIA","null","9.55","null","null","null","30","null","null","0.33","null","null","null","9.55","9.55","4.671","null",
"2543491","null","Paul Richardson","WR","SEA","WR","SEA","null","3.95","null","null","null","94","null","null","0.08","null","null","null","3.95","3.95","null","null",
"2543495","null","Davante Adams","WR","GB","WR","GB","null","8.76","null","null","null","36","null","null","0.115","null","null","null","8.76","8.76","3.4656","null",
"2543496","null","Odell Beckham","WR","NYG","WR","NYG","null","14.72","null","null","null","4","null","null","0.95","null","null","null","14.72","14.72","null","null",
"2543497","null","AJ McCarron","QB","CIN","QB","CIN","null","0.126","null","null","null","38","null","null","0.033","null","null","null","0.126","0.126","null","null",
"2543498","null","Brandin Cooks","WR","NO","WR","NO","null","11.52","null","null","null","16","null","null","0.325","null","null","null","11.52","11.52","4.1286","null",
"2543499","null","Derek Carr","QB","OAK","QB","OAK","null","17.6","null","null","null","11","null","null","0.455","null","null","null","17.6","17.6","5.1573","null",
"2543500","null","Jordan Matthews","WR","PHI","WR","PHI","null","10.64","null","null","null","23","null","null","0.62","null","null","null","10.64","10.64","null","null",
"2543509","null","Allen Robinson","WR","JAC","WR","JAC","null","9.13","null","null","null","32","null","null","0.22","null","null","null","9.13","9.13","3.345","null",
"2543551","null","KaDeem Carey","RB","CHI","RB","CHI","null","2.21","null","null","null","70","null","null","0.495","null","null","null","2.21","2.21","6.1506","null",
"2543565","null","Andre Williams","RB","FA","RB","FA","null","0","null","null","null","115","null","null","0","null","null","null","0","0","null","null",
"2543583","null","Devonta Freeman","RB","ATL","RB","ATL","null","11.84","null","null","null","16","null","null","0.31","null","null","null","11.84","11.84","2.5461","null",
"2543587","null","Aaron Murray","QB","FA","QB","FA","null","0","null","null","null","60","null","null","0","null","null","null","0","0","null","null",
"2543590","null","Cody Latimer","WR","DEN","WR","DEN","null","0.15","null","null","null","148","null","null","0.02","null","null","null","0.15","0.15","null","null",
"2543596","null","Dri Archer","RB","BUF","RB","BUF","null","0","null","null","null","115","null","null","0","null","null","null","0","0","null","null",
"2543600","null","Alfred Blue","RB","HOU","RB","HOU","null","3.97","null","null","null","57","null","null","0.1","null","null","null","3.97","3.97","null","null",
"2543603","null","Jeremy Hill","RB","CIN","RB","CIN","null","11.35","null","null","null","19","null","null","0.295","null","null","null","11.35","11.35","null","null",
"2543605","null","Zach Mettenberger","QB","PIT","QB","PIT","null","0","null","null","null","60","null","null","0","null","null","null","0","0","null","null",
"2543614","null","Donte Moncrief","WR","IND","WR","IND","null","8.46","null","null","null","40","null","null","0.32","null","null","null","8.46","8.46","4.9724","null",
"2543638","null","DeAnthony Thomas","WR","KC","WR","KC","null","0.35","null","null","null","139","null","null","0.025","null","null","null","0.35","0.35","null","null",
"2543640","null","Tom Savage","QB","HOU","QB","HOU","null","0.02","null","null","null","54","null","null","0.006","null","null","null","0.02","0.02","null","null",
"2543641","null","Devin Street","WR","IND","WR","IND","null","0.54","null","null","null","129","null","null","0.04","null","null","null","0.54","0.54","null","null",
"2543664","null","Terrance West","RB","BAL","RB","BAL","null","9.05","null","null","null","29","null","null","0.49","null","null","null","9.05","9.05","3.7792","null",
"2543682","null","Bishop Sankey","RB","FA","RB","FA","null","0","null","null","null","115","null","null","0","null","null","null","0","0","null","null",
"2543683","null","Austin Seferian-Jenkins","TE","NYJ","TE","NYJ","null","3.76","null","null","null","37","null","null","0.04","null","null","null","3.76","3.76","6.4625","null",
"2543695","null","Jay Prosch","RB","HOU","RB","HOU","null","0.32","null","null","null","91","null","null","0.02","null","null","null","0.32","0.32","null","null",
"2543704","null","Lorenzo Taliaferro","RB","BAL","RB","BAL","null","0.35","null","null","null","88","null","null","0.01","null","null","null","0.35","0.35","null","null",
"2543715","null","Jerick McKinnon","RB","MIN","RB","MIN","null","8.33","null","null","null","33","null","null","0.205","null","null","null","8.33","8.33","4.1586","null",
"2543721","null","C.J. Fiedorowicz","TE","HOU","TE","HOU","null","7.2","null","null","null","11","null","null","0.24","null","null","null","7.2","7.2","null","null",
"2543743","null","Carlos Hyde","RB","SF","RB","SF","null","12.23","null","null","null","13","null","null","0.225","null","null","null","12.23","12.23","3.0203","null",
"2543746","null","Josh Huff","WR","FA","WR","FA","null","0","null","null","null","152","null","null","0","null","null","null","0","0","null","null",
"2543750","null","Jeff Janis","WR","GB","WR","GB","null","3.08","null","null","null","106","null","null","0.025","null","null","null","3.08","3.08","6.4189","null",
"2543751","null","David Fales","QB","CHI","QB","CHI","null","0","null","null","null","60","null","null","0","null","null","null","0","0","null","null",
"2543759","null","Ryan Grant","WR","WAS","WR","WAS","null","3.6","null","null","null","100","null","null","0.205","null","null","null","3.6","3.6","2.7423","null",
"2543767","null","Logan Thomas","QB","BUF","QB","BUF","null","0","null","null","null","60","null","null","0","null","null","null","0","0","null","null",
"2543773","null","James White","RB","NE","RB","NE","null","7.96","null","null","null","36","null","null","0.79","null","null","null","7.96","7.96","3.7792","null",
"2543784","null","Keith Wenning","QB","FA","QB","FA","null","0","null","null","null","60","null","null","0","null","null","null","0","0","null","null",
"2543794","null","Crockett Gillmore","TE","BAL","TE","BAL","null","2.5","null","null","null","51","null","null","0.11","null","null","null","2.5","2.5","null","null",
"2543801","null","Jimmy Garoppolo","QB","NE","QB","NE","null","0.06","null","null","null","45","null","null","0.006","null","null","null","0.06","0.06","null","null",
"2543828","null","Quincy Enunwa","WR","NYJ","WR","NYJ","null","9.83","null","null","null","27","null","null","0.09","null","null","null","9.83","9.83","4.1888","null",
"2543836","null","T.J. Jones","WR","FA","WR","FA","null","0","null","null","null","152","null","null","0","null","null","null","0","0","null","null",
"2543847","null","John Brown","WR","ARI","WR","ARI","null","8.12","null","null","null","42","null","null","0.13","null","null","null","8.12","8.12","null","null",
"2550162","null","James Wright","WR","CIN","WR","CIN","null","0.31","null","null","null","143","null","null","0.09","null","null","null","0.31","0.31","null","null",
"2550183","null","Jeremy Butler","WR","SD","WR","SD","null","0.93","null","null","null","123","null","null","0.22","null","null","null","0.93","0.93","5.9367","null",
"2550198","null","Bennie Fowler","WR","DEN","WR","DEN","null","3.72","null","null","null","98","null","null","0.08","null","null","null","3.72","3.72","null","null",
"2550206","null","Ryan Hewitt","TE","CIN","TE","CIN","null","0.42","null","null","null","67","null","null","0.02","null","null","null","0.42","0.42","null","null",
"2550216","null","Jonathan Krause","WR","FA","WR","FA","null","0","null","null","null","152","null","null","0","null","null","null","0","0","null","null",
"2550223","null","Freddie Martino","WR","TB","WR","TB","null","0","null","null","null","152","null","null","0","null","null","null","0","0","5.6956","null",
"2550235","null","Roosevelt Nix","RB","PIT","RB","PIT","null","0.02","null","null","null","114","null","null","0.02","null","null","null","0.02","0.02","null","null",
"2550243","null","Justin Perillo","TE","FA","TE","FA","null","0","null","null","null","84","null","null","0","null","null","null","0","0","null","null",
"2550247","null","Bryn Renner","QB","FA","QB","FA","null","0","null","null","null","60","null","null","0","null","null","null","0","0","null","null",
"2550256","null","Willie Snead","WR","NO","WR","NO","null","9.7","null","null","null","29","null","null","0.27","null","null","null","9.7","9.7","4.2491","null",
"2550263","null","Juwan Thompson","RB","DEN","RB","DEN","null","0.21","null","null","null","105","null","null","0.015","null","null","null","0.21","0.21","8.6168","null",
"2550268","null","Charcandrick West","RB","KC","RB","KC","null","5.53","null","null","null","46","null","null","0.365","null","null","null","5.53","5.53","2.8306","null",
"2550272","null","Albert Wilson","WR","KC","WR","KC","null","4.58","null","null","null","83","null","null","0.11","null","null","null","4.58","4.58","5.2737","null",
"2550284","null","Trey Burton","TE","PHI","TE","PHI","null","3.16","null","null","null","45","null","null","0.07","null","null","null","3.16","3.16","4.7513","null",
"2550313","null","Richard Rodgers","TE","GB","TE","GB","null","3.99","null","null","null","33","null","null","0.115","null","null","null","3.99","3.99","5.2546","null",
"2550325","null","Chandler Catanzaro","K","ARI","K","ARI","null","2.4","null","null","null","1","null","null","0.05","null","null","null","2.4","2.4","4.8588","null",
"2550328","null","Brandon Coleman","WR","NO","WR","NO","null","2.48","null","null","null","112","null","null","0.085","null","null","null","2.48","2.48","6.5997","null",
"2550330","null","Kain Colter","WR","FA","WR","FA","null","0","null","null","null","152","null","null","0","null","null","null","0","0","null","null",
"2550353","null","Allen Hurns","WR","JAC","WR","JAC","null","5.94","null","null","null","67","null","null","0.035","null","null","null","5.94","5.94","null","null",
"2550355","null","Nic Jacobs","TE","FA","TE","FA","null","0","null","null","null","84","null","null","0","null","null","null","0","0","null","null",
"2550356","null","Marcel Jensen","TE","WAS","TE","WAS","null","0","null","null","null","84","null","null","0","null","null","null","0","0","null","null",
"2550376","null","Stephen Morris","QB","FA","QB","FA","null","0","null","null","null","60","null","null","0","null","null","null","0","0","null","null",
"2550405","null","Erik Swoope","TE","IND","TE","IND","null","2.1","null","null","null","54","null","null","0.135","null","null","null","2.1","2.1","5.4559","null",
"2550413","null","Corey Washington","WR","FA","WR","FA","null","0","null","null","null","152","null","null","0","null","null","null","0","0","null","null",
"2550454","null","Asante Cleveland","TE","SD","TE","SD","null","0","null","null","null","84","null","null","0","null","null","null","0","0","null","null",
"2550481","null","Orleans Darkwa","RB","NYG","RB","NYG","null","0.31","null","null","null","92","null","null","0.02","null","null","null","0.31","0.31","null","null",
"2550512","null","Damien Williams","RB","MIA","RB","MIA","null","4.74","null","null","null","51","null","null","0.215","null","null","null","4.74","4.74","4.2535","null",
"2550521","null","Xavier Grimble","TE","PIT","TE","PIT","null","1.84","null","null","null","56","null","null","0.605","null","null","null","1.84","1.84","null","null",
"2550542","null","Kapri Bibbs","RB","DEN","RB","DEN","null","5.1","null","null","null","48","null","null","0.2","null","null","null","5.1","5.1","2.8306","null",
"2550545","null","Chris Boswell","K","PIT","K","PIT","null","2.1","null","null","null","10","null","null","0.1","null","null","null","2.1","2.1","6.8357","null",
"2550546","null","Philly Brown","WR","CAR","WR","CAR","null","3.06","null","null","null","107","null","null","0.015","null","null","null","3.06","3.06","null","null",
"2550597","null","Seth Roberts","WR","OAK","WR","OAK","null","5.24","null","null","null","74","null","null","0.13","null","null","null","5.24","5.24","4.9724","null",
"2550608","null","RaShaun Allen","TE","SEA","TE","SEA","null","0","null","null","null","84","null","null","0","null","null","null","0","0","null","null",
"2550617","null","Taylor Gabriel","WR","ATL","WR","ATL","null","8.57","null","null","null","38","null","null","0.095","null","null","null","8.57","8.57","5.0326","null",
"2550636","null","Cairo Santos","K","KC","K","KC","null","2.3","null","null","null","4","null","null","4.4409e-16","null","null","null","2.3","2.3","5.1883","null",
"2550656","null","Cameron Brate","TE","TB","TE","TB","null","8.54","null","null","null","7","null","null","0.875","null","null","null","8.54","8.54","3.3421","null",
"2550738","null","Fitzgerald Toussaint","RB","PIT","RB","PIT","null","5","null","null","null","49","null","null","0.23","null","null","null","5","5","5.4866","null",
"2552033","null","Jameis Winston","QB","TB","QB","TB","null","17.14","null","null","null","13","null","null","0.665","null","null","null","17.14","17.14","6.667","null",
"2552369","null","Bryce Petty","QB","NYJ","QB","NYJ","null","0.802","null","null","null","32","null","null","0.612","null","null","null","0.802","0.802","null","null",
"2552371","null","Garrett Grayson","QB","FA","QB","FA","null","0","null","null","null","60","null","null","0","null","null","null","0","0","null","null",
"2552375","null","Cameron Artis-Payne","RB","CAR","RB","CAR","null","0.73","null","null","null","80","null","null","0.115","null","null","null","0.73","0.73","null","null",
"2552379","null","Jeremy Langford","RB","CHI","RB","CHI","null","4.8","null","null","null","50","null","null","0.125","null","null","null","4.8","4.8","2.9255","null",
"2552382","null","Malcolm Brown","RB","LA","RB","LA","null","0.23","null","null","null","102","null","null","0.005","null","null","null","0.23","0.23","5.6763","null",
"2552383","null","Terrence Magee","RB","BAL","RB","BAL","null","0","null","null","null","115","null","null","0","null","null","null","0","0","null","null",
"2552396","null","Ben Koyack","TE","JAC","TE","JAC","null","2.09","null","null","null","55","null","null","0.465","null","null","null","2.09","2.09","5.4559","null",
"2552397","null","Clive Walford","TE","OAK","TE","OAK","null","3.71","null","null","null","39","null","null","0.115","null","null","null","3.71","3.71","4.7513","null",
"2552399","null","Jeff Heuerman","TE","DEN","TE","DEN","null","0.2","null","null","null","79","null","null","0.07","null","null","null","0.2","0.2","null","null",
"2552401","null","MyCole Pruitt","TE","FA","TE","FA","null","0.39","null","null","null","69","null","null","0.05","null","null","null","0.39","0.39","null","null",
"2552402","null","Nick Boyle","TE","BAL","TE","BAL","null","0.75","null","null","null","63","null","null","0.135","null","null","null","0.75","0.75","null","null",
"2552403","null","Nick OLeary","TE","BUF","TE","BUF","null","0.58","null","null","null","65","null","null","0.155","null","null","null","0.58","0.58","8.2744","null",
"2552408","null","Darren Waller","WR","BAL","WR","BAL","null","1.87","null","null","null","118","null","null","0.66","null","null","null","1.87","1.87","null","null",
"2552409","null","DeVante Parker","WR","MIA","WR","MIA","null","9.93","null","null","null","26","null","null","0.125","null","null","null","9.93","9.93","null","null",
"2552415","null","Jamison Crowder","WR","WAS","WR","WAS","null","8.16","null","null","null","41","null","null","0.045","null","null","null","8.16","8.16","4.4902","null",
"2552418","null","Justin Hardy","WR","ATL","WR","ATL","null","4.64","null","null","null","82","null","null","0.095","null","null","null","4.64","4.64","5.1532","null",
"2552420","null","Keith Mumphery","WR","HOU","WR","HOU","null","0.37","null","null","null","136","null","null","0.015","null","null","null","0.37","0.37","0.9944","null",
"2552421","null","Kenny Bell","WR","FA","WR","FA","null","0","null","null","null","152","null","null","0","null","null","null","0","0","null","null",
"2552424","null","Phillip Dorsett","WR","IND","WR","IND","null","7.37","null","null","null","51","null","null","0.085","null","null","null","7.37","7.37","5.6354","null",
"2552425","null","Rashad Greene","WR","JAC","WR","JAC","null","0","null","null","null","152","null","null","0","null","null","null","0","0","null","null",
"2552429","null","Ty Montgomery","WR","GB","WR","GB","null","4.76","null","null","null","79","null","null","0.04","null","null","null","4.76","4.76","4.6107","null",
"2552430","null","Tyler Lockett","WR","SEA","WR","SEA","null","5.6","null","null","null","71","null","null","0.13","null","null","null","5.6","5.6","4.6107","null",
"2552431","null","Vince Mayle","WR","DAL","WR","DAL","null","0","null","null","null","152","null","null","0","null","null","null","0","0","null","null",
"2552453","null","Tevin Coleman","RB","ATL","RB","ATL","null","10.84","null","null","null","21","null","null","0.22","null","null","null","10.84","10.84","5.3917","null",
"2552458","null","Devin Funchess","WR","CAR","WR","CAR","null","5.02","null","null","null","76","null","null","0.11","null","null","null","5.02","5.02","4.671","null",
"2552462","null","Gerald Christian","TE","FA","TE","FA","null","0","null","null","null","84","null","null","0","null","null","null","0","0","null","null",
"2552463","null","Jaelen Strong","WR","HOU","WR","HOU","null","4.02","null","null","null","92","null","null","0.05","null","null","null","4.02","4.02","null","null",
"2552469","null","Melvin Gordon","RB","SD","RB","SD","null","17.81","null","null","null","3","null","null","2.575","null","null","null","17.81","17.81","2.6409","null",
"2552470","null","Sammie Coates","WR","PIT","WR","PIT","null","6.41","null","null","null","59","null","null","0.085","null","null","null","6.41","6.41","5.8162","null",
"2552471","null","T.J. Yeldon","RB","JAC","RB","JAC","null","7.05","null","null","null","38","null","null","0.49","null","null","null","7.05","7.05","null","null",
"2552475","null","Todd Gurley","RB","LA","RB","LA","null","12.02","null","null","null","14","null","null","0.105","null","null","null","12.02","12.02","3.9689","null",
"2552477","null","Aaron Ripkowski","RB","GB","RB","GB","null","1.56","null","null","null","75","null","null","0.105","null","null","null","1.56","1.56","5.866","null",
"2552478","null","Blake Bell","TE","SF","TE","SF","null","0.26","null","null","null","77","null","null","0.045","null","null","null","0.26","0.26","null","null",
"2552487","null","Amari Cooper","WR","OAK","WR","OAK","null","12.46","null","null","null","7","null","null","0.16","null","null","null","12.46","12.46","2.9231","null",
"2552491","null","Dorial Green-Beckham","WR","PHI","WR","PHI","null","5.7","null","null","null","70","null","null","0.155","null","null","null","5.7","5.7","6.3586","null",
"2552559","null","C.J. Uzomah","TE","CIN","TE","CIN","null","0.94","null","null","null","59","null","null","0.085","null","null","null","0.94","0.94","null","null",
"2552576","null","Sean Mannion","QB","LA","QB","LA","null","0","null","null","null","60","null","null","0","null","null","null","0","0","null","null",
"2552580","null","A.J. Derby","TE","DEN","TE","DEN","null","2.39","null","null","null","52","null","null","0.145","null","null","null","2.39","2.39","null","null",
"2552582","null","Jay Ajayi","RB","MIA","RB","MIA","null","9.59","null","null","null","28","null","null","0.78","null","null","null","9.59","9.59","4.4432","null",
"2552586","null","Tyler Kroft","TE","CIN","TE","CIN","null","3.44","null","null","null","43","null","null","0.265","null","null","null","3.44","3.44","null","null",
"2552588","null","Brett Hundley","QB","GB","QB","GB","null","0.008","null","null","null","58","null","null","0.008","null","null","null","0.008","0.008","null","null",
"2552597","null","Breshad Perriman","WR","BAL","WR","BAL","null","4.37","null","null","null","86","null","null","0.01","null","null","null","4.37","4.37","6.66","null",
"2552600","null","Nelson Agholor","WR","PHI","WR","PHI","null","4.8","null","null","null","78","null","null","0.05","null","null","null","4.8","4.8","7.8654","null",
"2552608","null","Stefon Diggs","WR","MIN","WR","MIN","null","11.95","null","null","null","12","null","null","0.225","null","null","null","11.95","11.95","null","null",
"2552622","null","Chris Manhertz","TE","CAR","TE","CAR","null","0","null","null","null","84","null","null","0","null","null","null","0","0","null","null",
"2552631","null","Javorius Allen","RB","BAL","RB","BAL","null","0.24","null","null","null","101","null","null","0.01","null","null","null","0.24","0.24","null","null",
"2552633","null","Jesse James","TE","PIT","TE","PIT","null","3.73","null","null","null","38","null","null","0.055","null","null","null","3.73","3.73","4.6507","null",
"2552634","null","Joey Iosefa","RB","FA","RB","FA","null","0","null","null","null","115","null","null","0","null","null","null","0","0","null","null",
"2552635","null","Matt Jones","RB","WAS","RB","WAS","null","1.4","null","null","null","77","null","null","0.425","null","null","null","1.4","1.4","null","null",
"2552636","null","Michael Burton","RB","DET","RB","DET","null","0.09","null","null","null","113","null","null","0.08","null","null","null","0.09","0.09","null","null",
"2552647","null","Marcus Murphy","RB","NO","RB","NO","null","0.23","null","null","null","103","null","null","0.015","null","null","null","0.23","0.23","null","null",
"2552652","null","Chris Conley","WR","KC","WR","KC","null","4.35","null","null","null","88","null","null","0.15","null","null","null","4.35","4.35","null","null",
"2552654","null","Geremy Davis","WR","SD","WR","SD","null","0","null","null","null","152","null","null","0","null","null","null","0","0","null","null",
"2552656","null","J.J. Nelson","WR","ARI","WR","ARI","null","6.83","null","null","null","55","null","null","0.11","null","null","null","6.83","6.83","3.8272","null",
"2553112","null","Jason Myers","K","JAC","K","JAC","null","1.4","null","null","null","26","null","null","0.2","null","null","null","1.4","1.4","0.905","null",
"2553289","null","Evan Spencer","WR","FA","WR","FA","null","0","null","null","null","152","null","null","0","null","null","null","0","0","null","null",
"2553292","null","Kennard Backman","TE","FA","TE","FA","null","0","null","null","null","84","null","null","0","null","null","null","0","0","null","null",
"2553318","null","James OShaughnessy","TE","KC","TE","KC","null","0.11","null","null","null","83","null","null","0.11","null","null","null","0.11","0.11","null","null",
"2553434","null","Devin Smith","WR","NYJ","WR","NYJ","null","0.42","null","null","null","135","null","null","0.05","null","null","null","0.42","0.42","null","null",
"2553435","null","David Johnson","RB","ARI","RB","ARI","null","22.82","null","null","null","1","null","null","4.32","null","null","null","22.82","22.82","null","null",
"2553439","null","Mike Davis","RB","SF","RB","SF","null","0.15","null","null","null","110","null","null","0.02","null","null","null","0.15","0.15","null","null",
"2553457","null","Trevor Siemian","QB","DEN","QB","DEN","null","15.21","null","null","null","20","null","null","0.4","null","null","null","15.21","15.21","null","null",
"2553606","null","Jordan Taylor","WR","DEN","WR","DEN","null","4.43","null","null","null","85","null","null","0.06","null","null","null","4.43","4.43","4.3094","null",
"2553631","null","Zach Zenner","RB","DET","RB","DET","null","3.27","null","null","null","65","null","null","0.23","null","null","null","3.27","3.27","8.9014","null",
"2553648","null","Andrew Franks","K","MIA","K","MIA","null","1.5","null","null","null","23","null","null","0.1","null","null","null","1.5","1.5","8.4831","null",
"2553650","null","Corey Grant","RB","JAC","RB","JAC","null","0.12","null","null","null","112","null","null","0.065","null","null","null","0.12","0.12","7.194","null",
"2553660","null","Akeem Hunt","RB","HOU","RB","HOU","null","0.34","null","null","null","89","null","null","0.025","null","null","null","0.34","0.34","5.0123","null",
"2553662","null","Gus Johnson","RB","FA","RB","FA","null","0","null","null","null","115","null","null","0","null","null","null","0","0","null","null",
"2553733","null","Thomas Rawls","RB","SEA","RB","SEA","null","11.4","null","null","null","18","null","null","0.09","null","null","null","11.4","11.4","4.538","null",
"2553833","null","Josh Lambo","K","SD","K","SD","null","2.3","null","null","null","4","null","null","0.05","null","null","null","2.3","2.3","4.8588","null",
"2553913","null","Tyrell Williams","WR","SD","WR","SD","null","11.15","null","null","null","18","null","null","0.165","null","null","null","11.15","11.15","null","null",
"2555209","null","Chris Moore","WR","BAL","WR","BAL","null","1","null","null","null","122","null","null","0.16","null","null","null","1","1","null","null",
"2555214","null","Laquon Treadwell","WR","MIN","WR","MIN","null","2.78","null","null","null","110","null","null","0.27","null","null","null","2.78","2.78","15.4598","null",
"2555215","null","Leonte Carroo","WR","MIA","WR","MIA","null","0.15","null","null","null","148","null","null","0.045","null","null","null","0.15","0.15","9.1914","null",
"2555216","null","Malcolm Mitchell","WR","NE","WR","NE","null","2.36","null","null","null","114","null","null","0.265","null","null","null","2.36","2.36","6.4189","null",
"2555219","null","Daniel Lasco","RB","NO","RB","NO","null","0.14","null","null","null","111","null","null","0.035","null","null","null","0.14","0.14","null","null",
"2555220","null","Derek Watt","RB","SD","RB","SD","null","1.65","null","null","null","72","null","null","0.035","null","null","null","1.65","1.65","2.9255","null",
"2555223","null","Devontae Booker","RB","DEN","RB","DEN","null","10.51","null","null","null","23","null","null","0.41","null","null","null","10.51","10.51","null","null",
"2555224","null","Ezekiel Elliott","RB","DAL","RB","DAL","null","16.1","null","null","null","4","null","null","1.85","null","null","null","16.1","16.1","1.7872","null",
"2555227","null","Jonathan Williams","RB","BUF","RB","BUF","null","0.29","null","null","null","93","null","null","0.01","null","null","null","0.29","0.29","6.53","null",
"2555229","null","Kenneth Dixon","RB","BAL","RB","BAL","null","8.18","null","null","null","34","null","null","0.165","null","null","null","8.18","8.18","3.9689","null",
"2555230","null","Kenyan Drake","RB","MIA","RB","MIA","null","0.25","null","null","null","98","null","null","0.015","null","null","null","0.25","0.25","null","null",
"2555234","null","Tyler Ervin","RB","HOU","RB","HOU","null","0.98","null","null","null","78","null","null","0.13","null","null","null","0.98","0.98","null","null",
"2555259","null","Carson Wentz","QB","PHI","QB","PHI","null","14","null","null","null","26","null","null","0.61","null","null","null","14","14","6.2895","null",
"2555260","null","Dak Prescott","QB","DAL","QB","DAL","null","16.38","null","null","null","15","null","null","0.175","null","null","null","16.38","16.38","4.025","null",
"2555262","null","Jeff Driskel","QB","CIN","QB","CIN","null","0","null","null","null","60","null","null","0","null","null","null","0","0","null","null",
"2555289","null","Nick Vannett","TE","SEA","TE","SEA","null","0.41","null","null","null","68","null","null","0.035","null","null","null","0.41","0.41","null","null",
"2555295","null","Sterling Shepard","WR","NYG","WR","NYG","null","7.48","null","null","null","49","null","null","0.075","null","null","null","7.48","7.48","4.0683","null",
"2555306","null","David Morgan","TE","MIN","TE","MIN","null","0.36","null","null","null","70","null","null","0.04","null","null","null","0.36","0.36","null","null",
"2555311","null","Jerell Adams","TE","NYG","TE","NYG","null","3.19","null","null","null","44","null","null","0.045","null","null","null","3.19","3.19","8.979","null",
"2555316","null","Paxton Lynch","QB","DEN","QB","DEN","null","0.062","null","null","null","43","null","null","0.004","null","null","null","0.062","0.062","2.8927","null",
"2555331","null","Cody Core","WR","CIN","WR","CIN","null","3.39","null","null","null","102","null","null","0.18","null","null","null","3.39","3.39","3.5861","null",
"2555332","null","Connor Cook","QB","OAK","QB","OAK","null","0","null","null","null","60","null","null","0","null","null","null","0","0","null","null",
"2555334","null","Jared Goff","QB","LA","QB","LA","null","10.13","null","null","null","30","null","null","9.305","null","null","null","10.13","10.13","4.4024","null",
"2555341","null","Hunter Henry","TE","SD","TE","SD","null","7.7","null","null","null","8","null","null","0.21","null","null","null","7.7","7.7","3.4427","null",
"2555346","null","Will Fuller","WR","HOU","WR","HOU","null","6.48","null","null","null","58","null","null","0.095","null","null","null","6.48","6.48","null","null",
"2555348","null","Braxton Miller","WR","HOU","WR","HOU","null","2.54","null","null","null","111","null","null","0.085","null","null","null","2.54","2.54","5.3943","null",
"2555362","null","Aaron Burbridge","WR","SF","WR","SF","null","0.11","null","null","null","150","null","null","0.06","null","null","null","0.11","0.11","2.2601","null",
"2555364","null","Tyler Higbee","TE","LA","TE","LA","null","0.15","null","null","null","82","null","null","0.095","null","null","null","0.15","0.15","5.154","null",
"2555408","null","Roberto Aguayo","K","TB","K","TB","null","1.7","null","null","null","22","null","null","0.2","null","null","null","1.7","1.7","5.8472","null",
"2555413","null","Trevor Davis","WR","GB","WR","GB","null","0.46","null","null","null","134","null","null","0.065","null","null","null","0.46","0.46","null","null",
"2555415","null","Austin Hooper","TE","ATL","TE","ATL","null","5.52","null","null","null","23","null","null","0.165","null","null","null","5.52","5.52","4.7513","null",
"2555416","null","Christian Hackenberg","QB","NYJ","QB","NYJ","null","0","null","null","null","60","null","null","0","null","null","null","0","0","null","null",
"2555418","null","Jordan Howard","RB","CHI","RB","CHI","null","13.86","null","null","null","7","null","null","0.68","null","null","null","13.86","13.86","2.2615","null",
"2555419","null","Pharoh Cooper","WR","LA","WR","LA","null","0.32","null","null","null","141","null","null","0.005","null","null","null","0.32","0.32","10.8188","null",
"2555426","null","Cardale Jones","QB","BUF","QB","BUF","null","0","null","null","null","60","null","null","0","null","null","null","0","0","null","null",
"2555427","null","Nate Sudfeld","QB","WAS","QB","WAS","null","0","null","null","null","60","null","null","0","null","null","null","0","0","null","null",
"2555430","null","Alex Collins","RB","SEA","RB","SEA","null","5.23","null","null","null","47","null","null","0.18","null","null","null","5.23","5.23","5.0123","null",
"2555432","null","Andy Janovich","RB","DEN","RB","DEN","null","1.65","null","null","null","72","null","null","0.08","null","null","null","1.65","1.65","null","null",
"2555460","null","Paul Perkins","RB","NYG","RB","NYG","null","5.65","null","null","null","44","null","null","0.085","null","null","null","5.65","5.65","1.7872","null",
"2555461","null","Wendell Smallwood","RB","PHI","RB","PHI","null","11.27","null","null","null","20","null","null","0.485","null","null","null","11.27","11.27","4.7278","null",
"2555464","null","DeAndre Washington","RB","OAK","RB","OAK","null","4.61","null","null","null","52","null","null","0.215","null","null","null","4.61","4.61","8.9014","null",
"2555466","null","Tyler Boyd","WR","CIN","WR","CIN","null","6.72","null","null","null","56","null","null","0.275","null","null","null","6.72","6.72","4.3094","null",
"2555471","null","Kenny Lawler","WR","FA","WR","FA","null","0","null","null","null","152","null","null","0","null","null","null","0","0","null","null",
"2555477","null","Charone Peake","WR","NYJ","WR","NYJ","null","3.04","null","null","null","109","null","null","0.38","null","null","null","3.04","3.04","5.5751","null",
"2555478","null","Demarcus Robinson","WR","KC","WR","KC","null","0.21","null","null","null","146","null","null","0.04","null","null","null","0.21","0.21","null","null",
"2555483","null","Thomas Duarte","TE","MIA","TE","MIA","null","0","null","null","null","84","null","null","0","null","null","null","0","0","null","null",
"2555486","null","Temarrick Hemingway","TE","LA","TE","LA","null","0.29","null","null","null","76","null","null","0.045","null","null","null","0.29","0.29","null","null",
"2555487","null","Beau Sandland","TE","FA","TE","FA","null","0","null","null","null","84","null","null","0","null","null","null","0","0","null","null",
"2555573","null","Anthony Dable","WR","FA","WR","FA","null","0","null","null","null","152","null","null","0","null","null","null","0","0","null","null",
"2556118","null","Dwayne Washington","RB","DET","RB","DET","null","5.92","null","null","null","42","null","null","0.175","null","null","null","5.92","5.92","3.3049","null",
"2556144","null","Daniel Braverman","WR","CHI","WR","CHI","null","0","null","null","null","152","null","null","0","null","null","null","0","0","null","null",
"2556190","null","Jakeem Grant","WR","MIA","WR","MIA","null","0.32","null","null","null","141","null","null","0.01","null","null","null","0.32","0.32","8.2271","null",
"2556214","null","Tyreek Hill","WR","KC","WR","KC","null","7.22","null","null","null","53","null","null","0.31","null","null","null","7.22","7.22","4.4902","null",
"2556232","null","Jake Rudock","QB","DET","QB","DET","null","0","null","null","null","60","null","null","null","null","null","null","0","0","null","null",
"2556261","null","Moritz Boehringer","WR","FA","WR","FA","null","0","null","null","null","152","null","null","0","null","null","null","0","0","null","null",
"2556273","null","Darius Jackson","RB","DAL","RB","DAL","null","0.43","null","null","null","84","null","null","0.015","null","null","null","0.43","0.43","null","null",
"2556370","null","Michael Thomas","WR","NO","WR","NO","null","12.34","null","null","null","8","null","null","0.135","null","null","null","12.34","12.34","2.6218","null",
"2556375","null","Rico Gathers","TE","FA","TE","FA","null","0","null","null","null","84","null","null","0","null","null","null","0","0","null","null",
"2556396","null","Chester Rogers","WR","IND","WR","IND","null","0.75","null","null","null","124","null","null","0.11","null","null","null","0.75","0.75","5.6956","null",
"2556404","null","Maurice Harris","WR","WAS","WR","WAS","null","0.56","null","null","null","128","null","null","0.04","null","null","null","0.56","0.56","5.7559","null",
"2556411","null","Josh Ferguson","RB","IND","RB","IND","null","2.65","null","null","null","69","null","null","0.655","null","null","null","2.65","2.65","8.9014","null",
"2556414","null","Rob Kelley","RB","WAS","RB","WAS","null","9.66","null","null","null","27","null","null","0.34","null","null","null","9.66","9.66","null","null",
"2556453","null","Hakeem Valles","TE","ARI","TE","ARI","null","0","null","null","null","84","null","null","null","null","null","null","0","0","null","null",
"2556454","null","Brandon Wilds","RB","FA","RB","FA","null","0","null","null","null","115","null","null","0","null","null","null","0","0","null","null",
"2556460","null","Geronimo Allison","WR","GB","WR","GB","null","0.5","null","null","null","130","null","null","0.01","null","null","null","0.5","0.5","1.9588","null",
"2556462","null","Robby Anderson","WR","NYJ","WR","NYJ","null","4.37","null","null","null","86","null","null","0.02","null","null","null","4.37","4.37","5.6956","null",
"2556463","null","Stephen Anderson","TE","HOU","TE","HOU","null","2.39","null","null","null","52","null","null","0.295","null","null","null","2.39","2.39","5.154","null",
"2556466","null","Peyton Barber","RB","TB","RB","TB","null","0.51","null","null","null","82","null","null","0.055","null","null","null","0.51","0.51","6.0557","null",
"2556473","null","Jace Billingsley","WR","FA","WR","FA","null","0","null","null","null","152","null","null","0","null","null","null","0","0","null","null",
"2556477","null","Trevone Boykin","QB","SEA","QB","SEA","null","0.016","null","null","null","56","null","null","0.006","null","null","null","0.016","0.016","null","null",
"2556478","null","Ben Braunecker","TE","CHI","TE","CHI","null","0.32","null","null","null","71","null","null","0.01","null","null","null","0.32","0.32","7.3685","null",
"2556490","null","Devon Cajuste","WR","FA","WR","FA","null","0","null","null","null","152","null","null","0","null","null","null","0","0","null","null",
"2556507","null","Marshaun Coprich","RB","FA","RB","FA","null","0","null","null","null","115","null","null","0","null","null","null","0","0","null","null",
"2556519","null","Alex Erickson","WR","CIN","WR","CIN","null","3.89","null","null","null","95","null","null","0.055","null","null","null","3.89","3.89","2.8628","null",
"2556528","null","D.J. Foster","WR","FA","WR","FA","null","0","null","null","null","152","null","null","0","null","null","null","0","0","null","null",
"2556541","null","Aaron Green","RB","FA","RB","FA","null","0","null","null","null","115","null","null","0","null","null","null","0","0","null","null",
"2556544","null","Glenn Gronkowski","RB","FA","RB","FA","null","0","null","null","null","115","null","null","null","null","null","null","0","0","null","null",
"2556569","null","Andy Jones","WR","FA","WR","FA","null","0","null","null","null","152","null","null","0","null","null","null","0","0","null","null",
"2556592","null","Roger Lewis","WR","NYG","WR","NYG","null","2.43","null","null","null","113","null","null","0.17","null","null","null","2.43","2.43","6.66","null",
"2556606","null","Jalin Marshall","WR","NYJ","WR","NYJ","null","5.02","null","null","null","77","null","null","0.24","null","null","null","5.02","5.02","null","null",
"2556612","null","Tanner McEvoy","WR","SEA","WR","SEA","null","1.06","null","null","null","121","null","null","0.095","null","null","null","1.06","1.06","null","null",
"2556752","null","Tommylee Lewis","WR","NO","WR","NO","null","0.49","null","null","null","132","null","null","0.05","null","null","null","0.49","0.49","5.5148","null",
"2556785","null","Paul Turner","WR","PHI","WR","PHI","null","0","null","null","null","152","null","null","0","null","null","null","0","0","7.9257","null",
"2556801","null","Kenneth Farrow","RB","SD","RB","SD","null","3.29","null","null","null","64","null","null","0.115","null","null","null","3.29","3.29","6.53","null",
"2556805","null","Johnny Holton","WR","OAK","WR","OAK","null","2.16","null","null","null","115","null","null","0.145","null","null","null","2.16","2.16","3.7067","null",
"2556851","null","Keyarris Garrett","WR","FA","WR","FA","null","0","null","null","null","152","null","null","null","null","null","null","0","0","null","null",
"2556885","null","Jalen Richard","RB","OAK","RB","OAK","null","5.6","null","null","null","45","null","null","0.22","null","null","null","5.6","5.6","5.9609","null",
"2557531","null","Troymaine Pope","RB","SEA","RB","SEA","null","0.28","null","null","null","96","null","null","0.03","null","null","null","0.28","0.28","null","null",
