12570.5,49.8066
242.346
marcus mariota,todd gurley,thomas rawls,tevin coleman,amari cooper,kelvin benjamin,kenny britt,greg olsen,new orleans,
tom brady,devonta freeman,jeremy hill,amari cooper,allen robinson,kelvin benjamin,rishard matthews,jared cook,cincinnati,
aaron rodgers,david johnson,carlos hyde,james starks,terrelle pryor,mike wallace,steve smith,gary barnidge,san diego,
matt ryan,devonta freeman,rashad jennings,thomas rawls,rishard matthews,brandon marshall,steve smith,greg olsen,tennessee,
tom brady,devonta freeman,thomas rawls,james starks,amari cooper,deandre hopkins,tyler boyd,greg olsen,new orleans,
blake bortles,devonta freeman,carlos hyde,tevin coleman,julio jones,allen robinson,terrelle pryor,greg olsen,cincinnati,
cam newton,david johnson,thomas rawls,tevin coleman,amari cooper,kelvin benjamin,brandon marshall,gary barnidge,new orleans,
blake bortles,melvin gordon,jeremy hill,carlos hyde,allen robinson,rishard matthews,tyler boyd,greg olsen,tennessee,
cam newton,demarco murray,devonta freeman,kelvin benjamin,brandon marshall,mike wallace,kenny britt,travis kelce,san diego,
marcus mariota,david johnson,devontae booker,tevin coleman,julio jones,deandre hopkins,tyler boyd,gary barnidge,new orleans,
tom brady,todd gurley,isaiah crowell,devontae booker,julio jones,allen robinson,deandre hopkins,gary barnidge,cincinnati,
tom brady,devonta freeman,jeremy hill,rashad jennings,brandin cooks,terrelle pryor,steve smith,hunter henry,tennessee,
marcus mariota,jeremy hill,carlos hyde,rashad jennings,amari cooper,deandre hopkins,mike wallace,travis kelce,san diego,
tyrod taylor,david johnson,thomas rawls,doug martin,terrelle pryor,steve smith,tyler boyd,greg olsen,green bay,
tom brady,devonta freeman,carlos hyde,thomas rawls,kelvin benjamin,rishard matthews,mike wallace,travis kelce,green bay,
cam newton,jeremy hill,carlos hyde,tevin coleman,odell beckham,brandon marshall,kenny britt,travis kelce,san diego,
tom brady,devonta freeman,jeremy hill,terrance west,amari cooper,kelvin benjamin,mike wallace,greg olsen,cincinnati,
marcus mariota,jeremy hill,carlos hyde,doug martin,brandin cooks,deandre hopkins,kenny britt,greg olsen,new orleans,
matt ryan,devonta freeman,rashad jennings,doug martin,amari cooper,allen robinson,brandon marshall,tyler eifert,tennessee,
tom brady,david johnson,devonta freeman,rashad jennings,amari cooper,rishard matthews,brandon marshall,greg olsen,denver,
tom brady,demarco murray,thomas rawls,kelvin benjamin,brandon marshall,tyler boyd,greg olsen,travis kelce,tennessee,
tom brady,demarco murray,tevin coleman,james starks,julio jones,brandon marshall,deandre hopkins,gary barnidge,denver,
aaron rodgers,david johnson,jeremy hill,tevin coleman,amari cooper,mike wallace,steve smith,travis kelce,jacksonville,
ryan fitzpatrick,jeremy hill,rashad jennings,doug martin,julio jones,allen robinson,kelvin benjamin,greg olsen,san diego,
ryan fitzpatrick,david johnson,thomas rawls,isaiah crowell,allen robinson,rishard matthews,steve smith,tyler eifert,san diego,
aaron rodgers,devonta freeman,thomas rawls,james starks,allen robinson,rishard matthews,mike wallace,greg olsen,new orleans,
tom brady,demarco murray,todd gurley,terrance west,deandre hopkins,mike wallace,tyler boyd,greg olsen,tennessee,
tom brady,jeremy hill,thomas rawls,isaiah crowell,julio jones,rishard matthews,deandre hopkins,tyler eifert,cincinnati,
cam newton,david johnson,todd gurley,devontae booker,brandon marshall,kenny britt,steve smith,tyler eifert,cincinnati,
cam newton,rashad jennings,devontae booker,tevin coleman,julio jones,amari cooper,brandon marshall,greg olsen,cincinnati,
blake bortles,david johnson,melvin gordon,devontae booker,rishard matthews,brandon marshall,steve smith,gary barnidge,tennessee,
cam newton,demarco murray,todd gurley,thomas rawls,allen robinson,rishard matthews,brandon marshall,travis kelce,cincinnati,
cam newton,demarco murray,todd gurley,rashad jennings,terrelle pryor,deandre hopkins,kenny britt,tyler eifert,tennessee,
tom brady,david johnson,jeremy hill,devontae booker,brandon marshall,mike wallace,tyler boyd,tyler eifert,tennessee,
blake bortles,david johnson,demarco murray,doug martin,brandon marshall,mike wallace,kenny britt,gary barnidge,san diego,
cam newton,jeremy hill,carlos hyde,rashad jennings,brandin cooks,brandon marshall,mike wallace,greg olsen,tennessee,
blake bortles,rashad jennings,thomas rawls,doug martin,amari cooper,brandin cooks,rishard matthews,greg olsen,cincinnati,
tom brady,jeremy hill,rashad jennings,tevin coleman,julio jones,allen robinson,terrelle pryor,hunter henry,new orleans,
cam newton,devonta freeman,rashad jennings,isaiah crowell,kelvin benjamin,kenny britt,steve smith,greg olsen,denver,
cam newton,rashad jennings,thomas rawls,doug martin,amari cooper,kelvin benjamin,steve smith,tyler eifert,san diego,
cam newton,jeremy hill,tevin coleman,james starks,odell beckham,amari cooper,terrelle pryor,tyler eifert,tennessee,
matt ryan,carlos hyde,rashad jennings,doug martin,kelvin benjamin,deandre hopkins,kenny britt,greg olsen,san diego,
cam newton,jeremy hill,carlos hyde,devontae booker,amari cooper,allen robinson,mike wallace,greg olsen,san diego,
marcus mariota,david johnson,carlos hyde,doug martin,rishard matthews,mike wallace,tyler boyd,jared cook,denver,
matt barkley,david johnson,carlos hyde,doug martin,kelvin benjamin,tyler boyd,devante parker,greg olsen,denver,
tom brady,doug martin,isaiah crowell,devontae booker,allen robinson,rishard matthews,mike wallace,greg olsen,tennessee,
marcus mariota,devonta freeman,jeremy hill,amari cooper,kelvin benjamin,mike wallace,steve smith,travis kelce,new orleans,
aaron rodgers,rashad jennings,thomas rawls,julio jones,allen robinson,kelvin benjamin,deandre hopkins,gary barnidge,new orleans,
tom brady,devonta freeman,carlos hyde,chris ivory,amari cooper,brandin cooks,brandon marshall,gary barnidge,new orleans,
cam newton,david johnson,devonta freeman,tevin coleman,allen robinson,rishard matthews,kenny britt,gary barnidge,cincinnati,

