12756.1,47.4679
258.198
blake bortles,david johnson,doug martin,tevin coleman,allen robinson,brandon marshall,steve smith,greg olsen,new orleans,
tom brady,demarco murray,jeremy hill,doug martin,terrelle pryor,kenny britt,tyler boyd,tyler eifert,new orleans,
blake bortles,demarco murray,devonta freeman,carlos hyde,kelvin benjamin,deandre hopkins,kenny britt,greg olsen,new orleans,
marcus mariota,demarco murray,jeremy hill,thomas rawls,allen robinson,rishard matthews,deandre hopkins,tyler eifert,tennessee,
aaron rodgers,jeremy hill,thomas rawls,isaiah crowell,odell beckham,rishard matthews,kenny britt,gary barnidge,new orleans,
aaron rodgers,david johnson,isaiah crowell,devontae booker,allen robinson,kenny britt,tyler boyd,gary barnidge,tennessee,
tom brady,devonta freeman,carlos hyde,tevin coleman,amari cooper,brandon marshall,mike wallace,greg olsen,tennessee,
matt barkley,david johnson,jeremy hill,rashad jennings,amari cooper,brandon marshall,deandre hopkins,greg olsen,green bay,
matt ryan,jeremy hill,thomas rawls,amari cooper,allen robinson,brandon marshall,steve smith,travis kelce,denver,
tom brady,rashad jennings,doug martin,devontae booker,amari cooper,allen robinson,terrelle pryor,gary barnidge,new orleans,
blake bortles,david johnson,doug martin,amari cooper,allen robinson,brandon marshall,deandre hopkins,charles clay,tennessee,
aaron rodgers,todd gurley,carlos hyde,james starks,amari cooper,terrelle pryor,kelvin benjamin,travis kelce,tennessee,
aaron rodgers,jeremy hill,todd gurley,isaiah crowell,odell beckham,kelvin benjamin,brandon marshall,gary barnidge,tennessee,
tom brady,david johnson,thomas rawls,amari cooper,mike wallace,tyler boyd,tyler eifert,charles clay,jacksonville,
tom brady,devonta freeman,carlos hyde,thomas rawls,brandin cooks,brandon marshall,steve smith,gary barnidge,denver,
aaron rodgers,david johnson,doug martin,james starks,rishard matthews,brandon marshall,deandre hopkins,tyler eifert,cincinnati,
blake bortles,devonta freeman,carlos hyde,rashad jennings,amari cooper,kelvin benjamin,rishard matthews,greg olsen,new orleans,
ryan fitzpatrick,david johnson,rashad jennings,devontae booker,terrelle pryor,kelvin benjamin,tyler boyd,greg olsen,san diego,
cam newton,demarco murray,jeremy hill,todd gurley,terrelle pryor,rishard matthews,steve smith,tyler eifert,new orleans,
tyrod taylor,david johnson,jeremy hill,rashad jennings,amari cooper,deandre hopkins,mike wallace,gary barnidge,san diego,
cam newton,carlos hyde,thomas rawls,devontae booker,amari cooper,brandon marshall,mike wallace,greg olsen,denver,
cam newton,jeremy hill,thomas rawls,tevin coleman,allen robinson,terrelle pryor,mike wallace,greg olsen,new orleans,
cam newton,david johnson,tevin coleman,allen robinson,terrelle pryor,deandre hopkins,greg olsen,travis kelce,tennessee,
matt ryan,melvin gordon,carlos hyde,rashad jennings,terrelle pryor,mike wallace,steve smith,travis kelce,tennessee,
tom brady,david johnson,thomas rawls,doug martin,rishard matthews,kenny britt,tyler boyd,gary barnidge,cincinnati,
cam newton,demarco murray,carlos hyde,devontae booker,terrelle pryor,rishard matthews,brandon marshall,tyler eifert,san diego,
cam newton,melvin gordon,rashad jennings,terrance west,amari cooper,mike wallace,steve smith,travis kelce,tennessee,
ryan fitzpatrick,devonta freeman,carlos hyde,thomas rawls,odell beckham,kelvin benjamin,deandre hopkins,tyler eifert,san diego,
aaron rodgers,david johnson,todd gurley,tevin coleman,allen robinson,deandre hopkins,mike wallace,gary barnidge,tennessee,
blake bortles,david johnson,doug martin,devontae booker,rishard matthews,kenny britt,tyler boyd,greg olsen,new orleans,
blake bortles,david johnson,devonta freeman,thomas rawls,allen robinson,mike wallace,kenny britt,travis kelce,green bay,
blake bortles,david johnson,carlos hyde,thomas rawls,rishard matthews,deandre hopkins,tyler boyd,tyler eifert,denver,
aaron rodgers,jeremy hill,todd gurley,devontae booker,allen robinson,kelvin benjamin,kenny britt,greg olsen,new orleans,
cam newton,thomas rawls,james starks,amari cooper,allen robinson,terrelle pryor,kelvin benjamin,greg olsen,tennessee,
cam newton,david johnson,jeremy hill,amari cooper,terrelle pryor,brandon marshall,deandre hopkins,charles clay,cincinnati,
aaron rodgers,demarco murray,devonta freeman,doug martin,rishard matthews,deandre hopkins,kenny britt,charles clay,new orleans,
marcus mariota,todd gurley,doug martin,devontae booker,amari cooper,mike wallace,kenny britt,greg olsen,tennessee,
cam newton,demarco murray,jeremy hill,doug martin,kelvin benjamin,rishard matthews,kenny britt,tyler eifert,new orleans,
aaron rodgers,demarco murray,jeremy hill,isaiah crowell,allen robinson,brandon marshall,mike wallace,tyler eifert,new orleans,
aaron rodgers,todd gurley,rashad jennings,isaiah crowell,allen robinson,kelvin benjamin,rishard matthews,travis kelce,new orleans,
cam newton,melvin gordon,jeremy hill,todd gurley,amari cooper,deandre hopkins,kenny britt,gary barnidge,tennessee,
aaron rodgers,devonta freeman,rashad jennings,tevin coleman,kelvin benjamin,rishard matthews,kenny britt,greg olsen,san diego,
blake bortles,david johnson,rashad jennings,doug martin,rishard matthews,mike wallace,tyler boyd,greg olsen,new orleans,
cam newton,demarco murray,devonta freeman,jeremy hill,allen robinson,terrelle pryor,tyler boyd,travis kelce,new orleans,
aaron rodgers,demarco murray,devonta freeman,thomas rawls,allen robinson,rishard matthews,tyler boyd,gary barnidge,new orleans,
blake bortles,david johnson,isaiah crowell,amari cooper,terrelle pryor,brandon marshall,mike wallace,charles clay,denver,
marcus mariota,devonta freeman,jeremy hill,rashad jennings,julio jones,kelvin benjamin,deandre hopkins,gary barnidge,denver,
blake bortles,david johnson,devonta freeman,todd gurley,amari cooper,mike wallace,steve smith,gary barnidge,cincinnati,
aaron rodgers,demarco murray,jeremy hill,rashad jennings,amari cooper,terrelle pryor,mike wallace,jared cook,tennessee,
blake bortles,melvin gordon,jeremy hill,todd gurley,amari cooper,kelvin benjamin,steve smith,tyler eifert,new orleans,

