3807.35,88.546
tom brady,jeremy hill,thomas rawls,amari cooper,allen robinson,brandon marshall,deandre hopkins,tyler eifert,denver,
aaron rodgers,devonta freeman,rashad jennings,thomas rawls,amari cooper,kelvin benjamin,deandre hopkins,tyler eifert,tennessee,
cam newton,david johnson,devonta freeman,tevin coleman,allen robinson,terrelle pryor,mike wallace,gary barnidge,tennessee,
ryan fitzpatrick,david johnson,jeremy hill,rashad jennings,allen robinson,mike wallace,kenny britt,greg olsen,tennessee,
tom brady,demarco murray,carlos hyde,thomas rawls,brandon marshall,deandre hopkins,mike wallace,tyler eifert,san diego,
tom brady,david johnson,devonta freeman,thomas rawls,brandon marshall,deandre hopkins,mike wallace,gary barnidge,cincinnati,
blake bortles,david johnson,devonta freeman,tevin coleman,amari cooper,allen robinson,kelvin benjamin,gary barnidge,cincinnati,
ryan fitzpatrick,david johnson,devonta freeman,thomas rawls,amari cooper,terrelle pryor,steve smith,gary barnidge,new orleans,
ryan fitzpatrick,david johnson,devonta freeman,jeremy hill,brandon marshall,mike wallace,steve smith,greg olsen,denver,
ryan fitzpatrick,david johnson,devonta freeman,carlos hyde,allen robinson,deandre hopkins,mike wallace,travis kelce,new orleans,
ryan fitzpatrick,david johnson,jeremy hill,isaiah crowell,allen robinson,kelvin benjamin,deandre hopkins,greg olsen,tennessee,
tom brady,devonta freeman,rashad jennings,tevin coleman,amari cooper,allen robinson,deandre hopkins,travis kelce,new orleans,
tom brady,jeremy hill,thomas rawls,devontae booker,amari cooper,allen robinson,deandre hopkins,greg olsen,cincinnati,
ryan fitzpatrick,david johnson,devonta freeman,jeremy hill,amari cooper,deandre hopkins,mike wallace,tyler eifert,tennessee,
tom brady,david johnson,carlos hyde,tevin coleman,allen robinson,deandre hopkins,mike wallace,charles clay,tennessee,
aaron rodgers,david johnson,thomas rawls,allen robinson,brandon marshall,deandre hopkins,mike wallace,gary barnidge,new orleans,
blake bortles,david johnson,thomas rawls,tevin coleman,allen robinson,rishard matthews,mike wallace,greg olsen,tennessee,
cam newton,david johnson,devonta freeman,jeremy hill,kelvin benjamin,brandon marshall,deandre hopkins,gary barnidge,denver,
tom brady,demarco murray,devonta freeman,jeremy hill,allen robinson,brandon marshall,mike wallace,charles clay,san diego,
blake bortles,david johnson,jeremy hill,carlos hyde,terrelle pryor,kelvin benjamin,deandre hopkins,greg olsen,cincinnati,
tom brady,devonta freeman,jeremy hill,amari cooper,brandon marshall,deandre hopkins,mike wallace,travis kelce,denver,
blake bortles,david johnson,devonta freeman,rashad jennings,amari cooper,deandre hopkins,mike wallace,gary barnidge,new orleans,
tom brady,devonta freeman,carlos hyde,isaiah crowell,amari cooper,deandre hopkins,mike wallace,tyler eifert,tennessee,
tom brady,devonta freeman,carlos hyde,thomas rawls,allen robinson,brandon marshall,deandre hopkins,travis kelce,denver,
tom brady,david johnson,jeremy hill,rashad jennings,brandon marshall,deandre hopkins,mike wallace,tyler eifert,cincinnati,
blake bortles,david johnson,thomas rawls,tevin coleman,amari cooper,deandre hopkins,mike wallace,greg olsen,tennessee,
matt barkley,david johnson,devonta freeman,allen robinson,brandon marshall,deandre hopkins,mike wallace,greg olsen,tennessee,
cam newton,david johnson,jeremy hill,rashad jennings,brandon marshall,deandre hopkins,mike wallace,greg olsen,cincinnati,
tom brady,jeremy hill,rashad jennings,doug martin,amari cooper,terrelle pryor,kelvin benjamin,travis kelce,new orleans,
blake bortles,david johnson,jeremy hill,tevin coleman,amari cooper,allen robinson,terrelle pryor,tyler eifert,cincinnati,
tom brady,david johnson,devonta freeman,jeremy hill,terrelle pryor,brandon marshall,tyler boyd,gary barnidge,tennessee,
blake bortles,david johnson,rashad jennings,allen robinson,brandon marshall,deandre hopkins,steve smith,greg olsen,tennessee,
blake bortles,david johnson,jeremy hill,rashad jennings,allen robinson,deandre hopkins,steve smith,greg olsen,tennessee,
ryan fitzpatrick,david johnson,devonta freeman,rashad jennings,allen robinson,deandre hopkins,mike wallace,tyler eifert,new orleans,
ryan fitzpatrick,david johnson,devonta freeman,rashad jennings,amari cooper,allen robinson,deandre hopkins,charles clay,cincinnati,
matt barkley,david johnson,devonta freeman,jeremy hill,allen robinson,deandre hopkins,mike wallace,greg olsen,new orleans,
ryan fitzpatrick,david johnson,devonta freeman,carlos hyde,brandon marshall,mike wallace,steve smith,greg olsen,new orleans,
tom brady,devonta freeman,carlos hyde,tevin coleman,allen robinson,kelvin benjamin,brandon marshall,greg olsen,new orleans,
aaron rodgers,devonta freeman,jeremy hill,rashad jennings,allen robinson,kelvin benjamin,mike wallace,greg olsen,tennessee,
tom brady,rashad jennings,doug martin,tevin coleman,amari cooper,terrelle pryor,steve smith,greg olsen,tennessee,
tom brady,devonta freeman,jeremy hill,tevin coleman,amari cooper,mike wallace,steve smith,greg olsen,san diego,
tom brady,devonta freeman,rashad jennings,doug martin,kelvin benjamin,deandre hopkins,mike wallace,greg olsen,new orleans,
tom brady,rashad jennings,thomas rawls,doug martin,amari cooper,allen robinson,deandre hopkins,travis kelce,tennessee,
cam newton,devonta freeman,jeremy hill,rashad jennings,amari cooper,allen robinson,steve smith,greg olsen,cincinnati,
tom brady,melvin gordon,carlos hyde,doug martin,brandon marshall,deandre hopkins,mike wallace,travis kelce,tennessee,
cam newton,david johnson,devonta freeman,jeremy hill,allen robinson,kelvin benjamin,brandon marshall,gary barnidge,cincinnati,
tom brady,devonta freeman,rashad jennings,thomas rawls,amari cooper,terrelle pryor,kelvin benjamin,gary barnidge,new orleans,
tom brady,jeremy hill,todd gurley,amari cooper,allen robinson,deandre hopkins,mike wallace,tyler eifert,tennessee,
ryan fitzpatrick,david johnson,jeremy hill,rashad jennings,amari cooper,allen robinson,terrelle pryor,gary barnidge,new orleans,
tom brady,devonta freeman,thomas rawls,tevin coleman,allen robinson,terrelle pryor,kelvin benjamin,greg olsen,cincinnati,

3633.47,86.309
tom brady,jeremy hill,rashad jennings,amari cooper,allen robinson,brandon marshall,deandre hopkins,tyler eifert,san diego,
tom brady,devonta freeman,rashad jennings,thomas rawls,amari cooper,deandre hopkins,steve smith,tyler eifert,tennessee,
ryan fitzpatrick,david johnson,devonta freeman,devontae booker,amari cooper,allen robinson,mike wallace,gary barnidge,tennessee,
blake bortles,david johnson,jeremy hill,doug martin,allen robinson,mike wallace,steve smith,greg olsen,tennessee,
tom brady,demarco murray,carlos hyde,rashad jennings,brandon marshall,deandre hopkins,mike wallace,travis kelce,san diego,
tom brady,david johnson,devonta freeman,doug martin,brandon marshall,deandre hopkins,mike wallace,gary barnidge,cincinnati,
ryan fitzpatrick,david johnson,devonta freeman,rashad jennings,allen robinson,terrelle pryor,kelvin benjamin,gary barnidge,new orleans,
blake bortles,david johnson,devonta freeman,rashad jennings,amari cooper,terrelle pryor,steve smith,gary barnidge,cincinnati,
blake bortles,david johnson,devonta freeman,jeremy hill,brandon marshall,mike wallace,steve smith,greg olsen,san diego,
cam newton,david johnson,devonta freeman,rashad jennings,allen robinson,deandre hopkins,mike wallace,charles clay,cincinnati,
blake bortles,david johnson,jeremy hill,tevin coleman,allen robinson,terrelle pryor,deandre hopkins,greg olsen,tennessee,
tom brady,devonta freeman,carlos hyde,thomas rawls,amari cooper,allen robinson,deandre hopkins,charles clay,new orleans,
tom brady,jeremy hill,rashad jennings,tevin coleman,amari cooper,allen robinson,deandre hopkins,greg olsen,new orleans,
cam newton,david johnson,devonta freeman,jeremy hill,deandre hopkins,mike wallace,steve smith,travis kelce,tennessee,
tom brady,david johnson,carlos hyde,tevin coleman,allen robinson,deandre hopkins,mike wallace,gary barnidge,tennessee,
cam newton,david johnson,rashad jennings,allen robinson,brandon marshall,deandre hopkins,mike wallace,gary barnidge,denver,
blake bortles,david johnson,thomas rawls,tevin coleman,allen robinson,kelvin benjamin,mike wallace,greg olsen,tennessee,
cam newton,david johnson,devonta freeman,jeremy hill,amari cooper,brandon marshall,deandre hopkins,gary barnidge,cincinnati,
tom brady,devonta freeman,jeremy hill,todd gurley,allen robinson,brandon marshall,mike wallace,travis kelce,denver,
blake bortles,david johnson,jeremy hill,carlos hyde,terrelle pryor,kelvin benjamin,deandre hopkins,greg olsen,cincinnati,
tom brady,melvin gordon,devonta freeman,jeremy hill,brandon marshall,deandre hopkins,mike wallace,charles clay,denver,
ryan fitzpatrick,david johnson,devonta freeman,thomas rawls,amari cooper,deandre hopkins,mike wallace,tyler eifert,cincinnati,
tom brady,devonta freeman,carlos hyde,rashad jennings,amari cooper,deandre hopkins,mike wallace,travis kelce,tennessee,
tom brady,devonta freeman,carlos hyde,rashad jennings,allen robinson,brandon marshall,deandre hopkins,tyler eifert,san diego,
tom brady,david johnson,jeremy hill,doug martin,brandon marshall,deandre hopkins,mike wallace,tyler eifert,cincinnati,
blake bortles,david johnson,rashad jennings,thomas rawls,terrelle pryor,deandre hopkins,mike wallace,greg olsen,tennessee,
matt barkley,david johnson,devonta freeman,allen robinson,brandon marshall,deandre hopkins,mike wallace,greg olsen,tennessee,
cam newton,david johnson,jeremy hill,rashad jennings,brandon marshall,deandre hopkins,mike wallace,greg olsen,cincinnati,
tom brady,jeremy hill,rashad jennings,thomas rawls,amari cooper,kelvin benjamin,rishard matthews,tyler eifert,new orleans,
cam newton,david johnson,jeremy hill,tevin coleman,amari cooper,allen robinson,steve smith,gary barnidge,new orleans,
blake bortles,david johnson,devonta freeman,jeremy hill,amari cooper,terrelle pryor,brandon marshall,gary barnidge,tennessee,
ryan fitzpatrick,david johnson,rashad jennings,doug martin,allen robinson,brandon marshall,deandre hopkins,greg olsen,tennessee,
ryan fitzpatrick,david johnson,jeremy hill,devontae booker,allen robinson,terrelle pryor,deandre hopkins,greg olsen,tennessee,
blake bortles,david johnson,devonta freeman,carlos hyde,allen robinson,deandre hopkins,mike wallace,tyler eifert,cincinnati,
blake bortles,david johnson,devonta freeman,thomas rawls,allen robinson,kelvin benjamin,deandre hopkins,travis kelce,cincinnati,
ryan fitzpatrick,david johnson,devonta freeman,jeremy hill,allen robinson,deandre hopkins,mike wallace,greg olsen,green bay,
ryan fitzpatrick,david johnson,devonta freeman,tevin coleman,amari cooper,brandon marshall,mike wallace,greg olsen,cincinnati,
tom brady,devonta freeman,rashad jennings,tevin coleman,allen robinson,terrelle pryor,brandon marshall,greg olsen,new orleans,
tom brady,devonta freeman,jeremy hill,thomas rawls,allen robinson,mike wallace,steve smith,greg olsen,tennessee,
tom brady,carlos hyde,thomas rawls,tevin coleman,amari cooper,terrelle pryor,steve smith,greg olsen,tennessee,
tom brady,devonta freeman,jeremy hill,tevin coleman,amari cooper,mike wallace,kenny britt,greg olsen,new orleans,
cam newton,devonta freeman,carlos hyde,thomas rawls,amari cooper,deandre hopkins,mike wallace,greg olsen,new orleans,
tom brady,carlos hyde,thomas rawls,devontae booker,amari cooper,allen robinson,deandre hopkins,travis kelce,tennessee,
blake bortles,devonta freeman,jeremy hill,carlos hyde,amari cooper,allen robinson,terrelle pryor,greg olsen,new orleans,
tom brady,demarco murray,carlos hyde,rashad jennings,brandon marshall,deandre hopkins,mike wallace,tyler eifert,tennessee,
ryan fitzpatrick,david johnson,devonta freeman,jeremy hill,amari cooper,allen robinson,brandon marshall,gary barnidge,new orleans,
tom brady,devonta freeman,thomas rawls,tevin coleman,amari cooper,terrelle pryor,kelvin benjamin,travis kelce,new orleans,
tom brady,jeremy hill,rashad jennings,amari cooper,allen robinson,deandre hopkins,mike wallace,tyler eifert,tennessee,
cam newton,david johnson,jeremy hill,tevin coleman,amari cooper,allen robinson,steve smith,gary barnidge,new orleans,
tom brady,devonta freeman,rashad jennings,tevin coleman,allen robinson,kelvin benjamin,steve smith,greg olsen,new orleans,

3606.12,84.8287
tom brady,jeremy hill,thomas rawls,amari cooper,allen robinson,brandon marshall,deandre hopkins,travis kelce,denver,
tom brady,devonta freeman,rashad jennings,doug martin,amari cooper,deandre hopkins,steve smith,tyler eifert,tennessee,
cam newton,david johnson,devonta freeman,tevin coleman,allen robinson,terrelle pryor,mike wallace,gary barnidge,tennessee,
ryan fitzpatrick,david johnson,jeremy hill,thomas rawls,allen robinson,kelvin benjamin,mike wallace,greg olsen,tennessee,
tom brady,demarco murray,carlos hyde,rashad jennings,brandon marshall,deandre hopkins,mike wallace,travis kelce,san diego,
aaron rodgers,david johnson,devonta freeman,thomas rawls,brandon marshall,deandre hopkins,mike wallace,gary barnidge,new orleans,
ryan fitzpatrick,david johnson,devonta freeman,rashad jennings,allen robinson,terrelle pryor,kelvin benjamin,gary barnidge,new orleans,
blake bortles,david johnson,devonta freeman,tevin coleman,amari cooper,kelvin benjamin,steve smith,tyler eifert,cincinnati,
ryan fitzpatrick,david johnson,devonta freeman,jeremy hill,terrelle pryor,brandon marshall,mike wallace,greg olsen,new orleans,
cam newton,david johnson,devonta freeman,rashad jennings,allen robinson,deandre hopkins,mike wallace,gary barnidge,cincinnati,
blake bortles,david johnson,jeremy hill,thomas rawls,allen robinson,deandre hopkins,steve smith,greg olsen,tennessee,
tom brady,devonta freeman,rashad jennings,thomas rawls,allen robinson,terrelle pryor,deandre hopkins,tyler eifert,new orleans,
tom brady,jeremy hill,doug martin,tevin coleman,amari cooper,allen robinson,deandre hopkins,greg olsen,new orleans,
cam newton,david johnson,devonta freeman,jeremy hill,deandre hopkins,mike wallace,steve smith,travis kelce,tennessee,
tom brady,david johnson,rashad jennings,tevin coleman,allen robinson,deandre hopkins,mike wallace,gary barnidge,tennessee,
cam newton,david johnson,rashad jennings,allen robinson,brandon marshall,deandre hopkins,mike wallace,tyler eifert,cincinnati,
ryan fitzpatrick,david johnson,carlos hyde,tevin coleman,allen robinson,terrelle pryor,mike wallace,greg olsen,tennessee,
tom brady,david johnson,devonta freeman,jeremy hill,brandon marshall,deandre hopkins,steve smith,gary barnidge,new orleans,
tom brady,devonta freeman,jeremy hill,carlos hyde,allen robinson,brandon marshall,mike wallace,tyler eifert,denver,
ryan fitzpatrick,david johnson,jeremy hill,tevin coleman,amari cooper,kelvin benjamin,deandre hopkins,greg olsen,new orleans,
tom brady,devonta freeman,jeremy hill,amari cooper,brandon marshall,deandre hopkins,mike wallace,tyler eifert,denver,
ryan fitzpatrick,david johnson,devonta freeman,rashad jennings,amari cooper,deandre hopkins,mike wallace,travis kelce,cincinnati,
tom brady,devonta freeman,rashad jennings,thomas rawls,amari cooper,deandre hopkins,mike wallace,tyler eifert,tennessee,
tom brady,devonta freeman,rashad jennings,doug martin,allen robinson,brandon marshall,deandre hopkins,tyler eifert,denver,
tom brady,david johnson,jeremy hill,rashad jennings,brandon marshall,deandre hopkins,mike wallace,travis kelce,cincinnati,
cam newton,david johnson,carlos hyde,tevin coleman,deandre hopkins,mike wallace,steve smith,greg olsen,tennessee,
david johnson,devonta freeman,allen robinson,brandon marshall,deandre hopkins,mike wallace,greg olsen,tennessee,
cam newton,david johnson,jeremy hill,devontae booker,brandon marshall,deandre hopkins,mike wallace,greg olsen,new orleans,
tom brady,jeremy hill,carlos hyde,rashad jennings,amari cooper,kelvin benjamin,kenny britt,tyler eifert,new orleans,
blake bortles,david johnson,jeremy hill,tevin coleman,amari cooper,allen robinson,terrelle pryor,tyler eifert,cincinnati,
blake bortles,david johnson,devonta freeman,jeremy hill,amari cooper,terrelle pryor,brandon marshall,gary barnidge,tennessee,
ryan fitzpatrick,david johnson,rashad jennings,thomas rawls,allen robinson,brandon marshall,deandre hopkins,greg olsen,tennessee,
ryan fitzpatrick,david johnson,jeremy hill,rashad jennings,allen robinson,deandre hopkins,kenny britt,greg olsen,tennessee,
blake bortles,david johnson,devonta freeman,carlos hyde,allen robinson,deandre hopkins,mike wallace,tyler eifert,cincinnati,
cam newton,david johnson,devonta freeman,tevin coleman,allen robinson,kelvin benjamin,deandre hopkins,charles clay,new orleans,
ryan fitzpatrick,david johnson,devonta freeman,jeremy hill,allen robinson,deandre hopkins,mike wallace,greg olsen,jacksonville,
blake bortles,david johnson,devonta freeman,thomas rawls,brandon marshall,mike wallace,steve smith,greg olsen,new orleans,
cam newton,devonta freeman,carlos hyde,tevin coleman,amari cooper,allen robinson,brandon marshall,greg olsen,new orleans,
tom brady,devonta freeman,jeremy hill,devontae booker,allen robinson,kelvin benjamin,mike wallace,greg olsen,tennessee,
tom brady,rashad jennings,doug martin,tevin coleman,amari cooper,terrelle pryor,steve smith,greg olsen,tennessee,
cam newton,devonta freeman,jeremy hill,thomas rawls,amari cooper,terrelle pryor,mike wallace,greg olsen,new orleans,
tom brady,devonta freeman,rashad jennings,thomas rawls,kelvin benjamin,deandre hopkins,mike wallace,greg olsen,new orleans,
tom brady,rashad jennings,doug martin,devontae booker,amari cooper,allen robinson,deandre hopkins,tyler eifert,tennessee,
tom brady,devonta freeman,jeremy hill,thomas rawls,allen robinson,terrelle pryor,steve smith,greg olsen,cincinnati,
tom brady,melvin gordon,rashad jennings,doug martin,brandon marshall,deandre hopkins,mike wallace,tyler eifert,tennessee,
cam newton,david johnson,devonta freeman,jeremy hill,allen robinson,terrelle pryor,brandon marshall,charles clay,cincinnati,
tom brady,devonta freeman,rashad jennings,thomas rawls,amari cooper,terrelle pryor,steve smith,travis kelce,cincinnati,
tom brady,demarco murray,jeremy hill,thomas rawls,allen robinson,deandre hopkins,mike wallace,travis kelce,tennessee,
ryan fitzpatrick,david johnson,jeremy hill,rashad jennings,amari cooper,allen robinson,terrelle pryor,gary barnidge,new orleans,
cam newton,devonta freeman,thomas rawls,tevin coleman,amari cooper,allen robinson,terrelle pryor,greg olsen,cincinnati,

3540.26,84.6392
tom brady,demarco murray,jeremy hill,thomas rawls,allen robinson,brandon marshall,deandre hopkins,travis kelce,new orleans,
tom brady,devonta freeman,carlos hyde,thomas rawls,amari cooper,deandre hopkins,steve smith,tyler eifert,tennessee,
tom brady,david johnson,devonta freeman,tevin coleman,allen robinson,mike wallace,tyler boyd,gary barnidge,tennessee,
ryan fitzpatrick,david johnson,jeremy hill,devontae booker,allen robinson,terrelle pryor,mike wallace,greg olsen,tennessee,
tom brady,demarco murray,carlos hyde,thomas rawls,brandon marshall,deandre hopkins,mike wallace,tyler eifert,san diego,
tom brady,david johnson,devonta freeman,tevin coleman,brandon marshall,deandre hopkins,mike wallace,travis kelce,cincinnati,
ryan fitzpatrick,david johnson,devonta freeman,tevin coleman,amari cooper,allen robinson,kelvin benjamin,charles clay,new orleans,
blake bortles,david johnson,devonta freeman,tevin coleman,amari cooper,kelvin benjamin,steve smith,tyler eifert,cincinnati,
cam newton,david johnson,devonta freeman,jeremy hill,brandon marshall,mike wallace,tyler boyd,greg olsen,cincinnati,
blake bortles,david johnson,devonta freeman,carlos hyde,allen robinson,deandre hopkins,mike wallace,tyler eifert,cincinnati,
blake bortles,david johnson,jeremy hill,tevin coleman,allen robinson,terrelle pryor,deandre hopkins,greg olsen,tennessee,
tom brady,devonta freeman,rashad jennings,thomas rawls,amari cooper,allen robinson,deandre hopkins,gary barnidge,new orleans,
tom brady,jeremy hill,carlos hyde,thomas rawls,allen robinson,terrelle pryor,deandre hopkins,greg olsen,new orleans,
cam newton,david johnson,devonta freeman,jeremy hill,deandre hopkins,mike wallace,steve smith,tyler eifert,tennessee,
tom brady,david johnson,carlos hyde,tevin coleman,allen robinson,deandre hopkins,mike wallace,charles clay,tennessee,
cam newton,david johnson,rashad jennings,allen robinson,brandon marshall,deandre hopkins,mike wallace,gary barnidge,denver,
blake bortles,david johnson,thomas rawls,tevin coleman,allen robinson,kelvin benjamin,mike wallace,greg olsen,tennessee,
cam newton,david johnson,devonta freeman,jeremy hill,kelvin benjamin,brandon marshall,deandre hopkins,gary barnidge,denver,
tom brady,demarco murray,devonta freeman,jeremy hill,allen robinson,brandon marshall,mike wallace,gary barnidge,san diego,
ryan fitzpatrick,david johnson,jeremy hill,rashad jennings,terrelle pryor,kelvin benjamin,deandre hopkins,greg olsen,new orleans,
tom brady,demarco murray,devonta freeman,jeremy hill,brandon marshall,deandre hopkins,mike wallace,tyler eifert,new orleans,
blake bortles,david johnson,devonta freeman,carlos hyde,amari cooper,deandre hopkins,mike wallace,charles clay,new orleans,
tom brady,devonta freeman,rashad jennings,doug martin,amari cooper,deandre hopkins,mike wallace,travis kelce,tennessee,
tom brady,devonta freeman,carlos hyde,thomas rawls,allen robinson,brandon marshall,deandre hopkins,tyler eifert,denver,
tom brady,david johnson,jeremy hill,rashad jennings,brandon marshall,deandre hopkins,mike wallace,gary barnidge,denver,
blake bortles,david johnson,rashad jennings,doug martin,kelvin benjamin,deandre hopkins,mike wallace,greg olsen,tennessee,
david johnson,devonta freeman,allen robinson,brandon marshall,deandre hopkins,mike wallace,greg olsen,tennessee,
cam newton,david johnson,jeremy hill,devontae booker,brandon marshall,deandre hopkins,mike wallace,greg olsen,new orleans,
tom brady,jeremy hill,carlos hyde,rashad jennings,amari cooper,kelvin benjamin,kenny britt,tyler eifert,new orleans,
blake bortles,david johnson,jeremy hill,thomas rawls,amari cooper,allen robinson,kelvin benjamin,charles clay,new orleans,
cam newton,david johnson,devonta freeman,jeremy hill,terrelle pryor,kelvin benjamin,brandon marshall,gary barnidge,tennessee,
ryan fitzpatrick,david johnson,thomas rawls,doug martin,allen robinson,brandon marshall,deandre hopkins,greg olsen,tennessee,
blake bortles,david johnson,jeremy hill,rashad jennings,allen robinson,deandre hopkins,steve smith,greg olsen,tennessee,
blake bortles,david johnson,devonta freeman,carlos hyde,allen robinson,deandre hopkins,mike wallace,gary barnidge,denver,
blake bortles,david johnson,devonta freeman,carlos hyde,allen robinson,terrelle pryor,deandre hopkins,gary barnidge,new orleans,
blake bortles,david johnson,devonta freeman,jeremy hill,allen robinson,deandre hopkins,mike wallace,greg olsen,jacksonville,
blake bortles,david johnson,devonta freeman,tevin coleman,terrelle pryor,brandon marshall,mike wallace,greg olsen,new orleans,
blake bortles,devonta freeman,rashad jennings,thomas rawls,amari cooper,allen robinson,brandon marshall,greg olsen,denver,
cam newton,devonta freeman,jeremy hill,devontae booker,amari cooper,allen robinson,mike wallace,greg olsen,tennessee,
tom brady,carlos hyde,thomas rawls,tevin coleman,amari cooper,terrelle pryor,steve smith,greg olsen,tennessee,
tom brady,devonta freeman,jeremy hill,tevin coleman,amari cooper,terrelle pryor,mike wallace,greg olsen,cincinnati,
cam newton,devonta freeman,rashad jennings,doug martin,amari cooper,deandre hopkins,mike wallace,greg olsen,new orleans,
aaron rodgers,carlos hyde,rashad jennings,thomas rawls,amari cooper,allen robinson,deandre hopkins,tyler eifert,tennessee,
ryan fitzpatrick,devonta freeman,jeremy hill,rashad jennings,amari cooper,allen robinson,kelvin benjamin,greg olsen,denver,
tom brady,melvin gordon,carlos hyde,doug martin,brandon marshall,deandre hopkins,mike wallace,travis kelce,tennessee,
tom brady,david johnson,devonta freeman,jeremy hill,allen robinson,brandon marshall,tyler boyd,charles clay,cincinnati,
tom brady,devonta freeman,rashad jennings,thomas rawls,amari cooper,kelvin benjamin,steve smith,tyler eifert,cincinnati,
tom brady,jeremy hill,carlos hyde,amari cooper,allen robinson,deandre hopkins,mike wallace,travis kelce,tennessee,
cam newton,david johnson,jeremy hill,tevin coleman,amari cooper,allen robinson,kelvin benjamin,gary barnidge,cincinnati,
cam newton,devonta freeman,rashad jennings,tevin coleman,amari cooper,allen robinson,steve smith,greg olsen,new orleans,

3519.98,82.9968
tom brady,jeremy hill,rashad jennings,amari cooper,allen robinson,brandon marshall,deandre hopkins,tyler eifert,san diego,
tom brady,devonta freeman,carlos hyde,rashad jennings,amari cooper,deandre hopkins,steve smith,travis kelce,tennessee,
ryan fitzpatrick,david johnson,devonta freeman,devontae booker,amari cooper,allen robinson,mike wallace,gary barnidge,tennessee,
blake bortles,david johnson,jeremy hill,thomas rawls,allen robinson,mike wallace,steve smith,greg olsen,tennessee,
tom brady,melvin gordon,rashad jennings,thomas rawls,brandon marshall,deandre hopkins,mike wallace,tyler eifert,new orleans,
tom brady,david johnson,devonta freeman,doug martin,brandon marshall,deandre hopkins,mike wallace,charles clay,cincinnati,
ryan fitzpatrick,david johnson,devonta freeman,rashad jennings,amari cooper,allen robinson,steve smith,gary barnidge,cincinnati,
ryan fitzpatrick,david johnson,devonta freeman,thomas rawls,amari cooper,terrelle pryor,kelvin benjamin,gary barnidge,cincinnati,
ryan fitzpatrick,david johnson,devonta freeman,jeremy hill,terrelle pryor,brandon marshall,mike wallace,greg olsen,new orleans,
cam newton,david johnson,devonta freeman,rashad jennings,allen robinson,deandre hopkins,mike wallace,gary barnidge,cincinnati,
ryan fitzpatrick,david johnson,jeremy hill,carlos hyde,allen robinson,deandre hopkins,steve smith,greg olsen,tennessee,
tom brady,devonta freeman,carlos hyde,thomas rawls,amari cooper,allen robinson,deandre hopkins,gary barnidge,new orleans,
aaron rodgers,jeremy hill,rashad jennings,thomas rawls,amari cooper,allen robinson,deandre hopkins,greg olsen,cincinnati,
tom brady,david johnson,devonta freeman,jeremy hill,deandre hopkins,mike wallace,steve smith,charles clay,tennessee,
tom brady,david johnson,carlos hyde,tevin coleman,allen robinson,deandre hopkins,mike wallace,gary barnidge,tennessee,
tom brady,david johnson,doug martin,allen robinson,brandon marshall,deandre hopkins,mike wallace,charles clay,cincinnati,
ryan fitzpatrick,david johnson,carlos hyde,tevin coleman,allen robinson,terrelle pryor,mike wallace,greg olsen,tennessee,
cam newton,david johnson,devonta freeman,jeremy hill,amari cooper,brandon marshall,deandre hopkins,charles clay,cincinnati,
tom brady,devonta freeman,jeremy hill,todd gurley,allen robinson,brandon marshall,mike wallace,tyler eifert,denver,
blake bortles,david johnson,jeremy hill,carlos hyde,terrelle pryor,kelvin benjamin,deandre hopkins,greg olsen,cincinnati,
aaron rodgers,demarco murray,devonta freeman,jeremy hill,brandon marshall,deandre hopkins,mike wallace,travis kelce,denver,
blake bortles,david johnson,devonta freeman,carlos hyde,amari cooper,deandre hopkins,mike wallace,charles clay,new orleans,
tom brady,devonta freeman,rashad jennings,thomas rawls,amari cooper,deandre hopkins,mike wallace,travis kelce,tennessee,
tom brady,devonta freeman,rashad jennings,doug martin,allen robinson,brandon marshall,deandre hopkins,tyler eifert,denver,
tom brady,david johnson,jeremy hill,rashad jennings,brandon marshall,deandre hopkins,mike wallace,travis kelce,cincinnati,
blake bortles,david johnson,isaiah crowell,tevin coleman,amari cooper,deandre hopkins,mike wallace,greg olsen,tennessee,
david johnson,devonta freeman,allen robinson,brandon marshall,deandre hopkins,mike wallace,greg olsen,tennessee,
marcus mariota,david johnson,jeremy hill,thomas rawls,brandon marshall,deandre hopkins,mike wallace,greg olsen,cincinnati,
tom brady,jeremy hill,rashad jennings,thomas rawls,amari cooper,kelvin benjamin,rishard matthews,tyler eifert,new orleans,
cam newton,david johnson,jeremy hill,tevin coleman,amari cooper,allen robinson,steve smith,gary barnidge,new orleans,
aaron rodgers,david johnson,devonta freeman,jeremy hill,kelvin benjamin,brandon marshall,steve smith,charles clay,tennessee,
blake bortles,david johnson,rashad jennings,devontae booker,allen robinson,brandon marshall,deandre hopkins,greg olsen,tennessee,
carson wentz,david johnson,jeremy hill,rashad jennings,allen robinson,deandre hopkins,steve smith,greg olsen,tennessee,
cam newton,david johnson,devonta freeman,rashad jennings,allen robinson,deandre hopkins,mike wallace,charles clay,cincinnati,
blake bortles,david johnson,devonta freeman,thomas rawls,allen robinson,kelvin benjamin,deandre hopkins,travis kelce,cincinnati,
matt barkley,david johnson,devonta freeman,jeremy hill,allen robinson,deandre hopkins,mike wallace,greg olsen,cincinnati,
blake bortles,david johnson,devonta freeman,tevin coleman,terrelle pryor,brandon marshall,mike wallace,greg olsen,new orleans,
blake bortles,devonta freeman,rashad jennings,thomas rawls,amari cooper,allen robinson,brandon marshall,greg olsen,denver,
tom brady,devonta freeman,jeremy hill,doug martin,allen robinson,mike wallace,steve smith,greg olsen,tennessee,
tom brady,carlos hyde,thomas rawls,tevin coleman,amari cooper,terrelle pryor,steve smith,greg olsen,tennessee,
cam newton,devonta freeman,jeremy hill,doug martin,amari cooper,kelvin benjamin,mike wallace,greg olsen,new orleans,
cam newton,devonta freeman,rashad jennings,doug martin,amari cooper,deandre hopkins,mike wallace,greg olsen,new orleans,
tom brady,carlos hyde,doug martin,devontae booker,amari cooper,allen robinson,deandre hopkins,travis kelce,tennessee,
cam newton,devonta freeman,jeremy hill,rashad jennings,allen robinson,terrelle pryor,kelvin benjamin,greg olsen,new orleans,
tom brady,melvin gordon,rashad jennings,thomas rawls,brandon marshall,deandre hopkins,mike wallace,tyler eifert,tennessee,
tom brady,david johnson,devonta freeman,jeremy hill,allen robinson,brandon marshall,tyler boyd,charles clay,cincinnati,
tom brady,devonta freeman,thomas rawls,tevin coleman,amari cooper,terrelle pryor,kelvin benjamin,travis kelce,new orleans,
tom brady,demarco murray,jeremy hill,rashad jennings,allen robinson,deandre hopkins,mike wallace,travis kelce,tennessee,
blake bortles,david johnson,jeremy hill,thomas rawls,amari cooper,allen robinson,kelvin benjamin,gary barnidge,new orleans,
blake bortles,devonta freeman,thomas rawls,doug martin,amari cooper,allen robinson,kelvin benjamin,greg olsen,new orleans,

3507.25,81.2991
tom brady,jeremy hill,rashad jennings,amari cooper,allen robinson,brandon marshall,deandre hopkins,tyler eifert,san diego,
tom brady,devonta freeman,rashad jennings,devontae booker,amari cooper,kelvin benjamin,deandre hopkins,travis kelce,tennessee,
cam newton,david johnson,devonta freeman,tevin coleman,allen robinson,terrelle pryor,mike wallace,gary barnidge,tennessee,
blake bortles,david johnson,jeremy hill,doug martin,allen robinson,mike wallace,steve smith,greg olsen,tennessee,
tom brady,todd gurley,rashad jennings,amari cooper,brandon marshall,deandre hopkins,mike wallace,travis kelce,denver,
tom brady,david johnson,devonta freeman,rashad jennings,brandon marshall,deandre hopkins,mike wallace,charles clay,cincinnati,
blake bortles,david johnson,devonta freeman,tevin coleman,amari cooper,allen robinson,steve smith,gary barnidge,new orleans,
ryan fitzpatrick,david johnson,devonta freeman,thomas rawls,amari cooper,terrelle pryor,kelvin benjamin,gary barnidge,cincinnati,
blake bortles,david johnson,devonta freeman,jeremy hill,brandon marshall,mike wallace,steve smith,greg olsen,new orleans,
cam newton,david johnson,devonta freeman,doug martin,allen robinson,deandre hopkins,mike wallace,gary barnidge,cincinnati,
ryan fitzpatrick,david johnson,jeremy hill,rashad jennings,allen robinson,deandre hopkins,kenny britt,greg olsen,tennessee,
tom brady,devonta freeman,rashad jennings,tevin coleman,amari cooper,allen robinson,deandre hopkins,travis kelce,new orleans,
tom brady,jeremy hill,thomas rawls,tevin coleman,amari cooper,allen robinson,deandre hopkins,greg olsen,new orleans,
ryan fitzpatrick,david johnson,devonta freeman,jeremy hill,amari cooper,deandre hopkins,mike wallace,travis kelce,tennessee,
cam newton,david johnson,carlos hyde,tevin coleman,allen robinson,deandre hopkins,mike wallace,tyler eifert,tennessee,
tom brady,david johnson,rashad jennings,allen robinson,brandon marshall,deandre hopkins,mike wallace,charles clay,cincinnati,
blake bortles,david johnson,carlos hyde,tevin coleman,allen robinson,mike wallace,kenny britt,greg olsen,tennessee,
cam newton,david johnson,devonta freeman,jeremy hill,amari cooper,brandon marshall,deandre hopkins,charles clay,cincinnati,
tom brady,devonta freeman,jeremy hill,amari cooper,allen robinson,brandon marshall,mike wallace,travis kelce,new orleans,
blake bortles,david johnson,jeremy hill,tevin coleman,amari cooper,kelvin benjamin,deandre hopkins,greg olsen,cincinnati,
tom brady,demarco murray,devonta freeman,jeremy hill,brandon marshall,deandre hopkins,mike wallace,travis kelce,new orleans,
tom brady,david johnson,devonta freeman,thomas rawls,deandre hopkins,mike wallace,steve smith,charles clay,cincinnati,
tom brady,devonta freeman,rashad jennings,thomas rawls,amari cooper,deandre hopkins,mike wallace,travis kelce,tennessee,
tom brady,devonta freeman,carlos hyde,thomas rawls,allen robinson,brandon marshall,deandre hopkins,tyler eifert,denver,
tom brady,david johnson,jeremy hill,tevin coleman,brandon marshall,deandre hopkins,mike wallace,travis kelce,denver,
ryan fitzpatrick,david johnson,rashad jennings,tevin coleman,amari cooper,deandre hopkins,mike wallace,greg olsen,tennessee,
david johnson,devonta freeman,allen robinson,brandon marshall,deandre hopkins,mike wallace,greg olsen,tennessee,
cam newton,david johnson,jeremy hill,doug martin,brandon marshall,deandre hopkins,mike wallace,greg olsen,cincinnati,
tom brady,jeremy hill,rashad jennings,doug martin,amari cooper,terrelle pryor,kelvin benjamin,travis kelce,new orleans,
tom brady,david johnson,jeremy hill,tevin coleman,allen robinson,kelvin benjamin,steve smith,gary barnidge,new orleans,
ryan fitzpatrick,david johnson,devonta freeman,jeremy hill,amari cooper,brandon marshall,kenny britt,travis kelce,tennessee,
blake bortles,david johnson,thomas rawls,isaiah crowell,allen robinson,brandon marshall,deandre hopkins,greg olsen,tennessee,
ryan fitzpatrick,david johnson,jeremy hill,thomas rawls,allen robinson,kelvin benjamin,deandre hopkins,greg olsen,tennessee,
blake bortles,david johnson,devonta freeman,carlos hyde,allen robinson,deandre hopkins,mike wallace,gary barnidge,denver,
blake bortles,david johnson,devonta freeman,tevin coleman,allen robinson,terrelle pryor,deandre hopkins,tyler eifert,new orleans,
matt barkley,david johnson,devonta freeman,jeremy hill,allen robinson,deandre hopkins,mike wallace,greg olsen,new orleans,
blake bortles,david johnson,devonta freeman,rashad jennings,brandon marshall,mike wallace,kenny britt,greg olsen,cincinnati,
blake bortles,devonta freeman,rashad jennings,thomas rawls,amari cooper,allen robinson,brandon marshall,greg olsen,denver,
tom brady,devonta freeman,jeremy hill,carlos hyde,allen robinson,mike wallace,steve smith,greg olsen,tennessee,
tom brady,rashad jennings,doug martin,tevin coleman,amari cooper,terrelle pryor,steve smith,greg olsen,tennessee,
cam newton,devonta freeman,jeremy hill,doug martin,amari cooper,kelvin benjamin,mike wallace,greg olsen,new orleans,
tom brady,devonta freeman,carlos hyde,tevin coleman,amari cooper,deandre hopkins,mike wallace,greg olsen,cincinnati,
tom brady,carlos hyde,thomas rawls,devontae booker,amari cooper,allen robinson,deandre hopkins,tyler eifert,tennessee,
cam newton,devonta freeman,jeremy hill,tevin coleman,amari cooper,allen robinson,kelvin benjamin,greg olsen,new orleans,
tom brady,melvin gordon,carlos hyde,doug martin,brandon marshall,deandre hopkins,mike wallace,travis kelce,tennessee,
ryan fitzpatrick,david johnson,devonta freeman,jeremy hill,allen robinson,terrelle pryor,brandon marshall,tyler eifert,new orleans,
cam newton,devonta freeman,rashad jennings,thomas rawls,amari cooper,terrelle pryor,kelvin benjamin,tyler eifert,new orleans,
tom brady,demarco murray,jeremy hill,doug martin,allen robinson,deandre hopkins,mike wallace,travis kelce,tennessee,
cam newton,david johnson,jeremy hill,tevin coleman,amari cooper,allen robinson,kelvin benjamin,gary barnidge,cincinnati,
ryan fitzpatrick,devonta freeman,carlos hyde,rashad jennings,amari cooper,allen robinson,kelvin benjamin,greg olsen,new orleans,

3499.74,78.0304
tom brady,demarco murray,jeremy hill,rashad jennings,allen robinson,brandon marshall,deandre hopkins,travis kelce,new orleans,
aaron rodgers,devonta freeman,rashad jennings,thomas rawls,amari cooper,kelvin benjamin,deandre hopkins,tyler eifert,tennessee,
ryan fitzpatrick,david johnson,devonta freeman,devontae booker,amari cooper,allen robinson,mike wallace,gary barnidge,tennessee,
ryan fitzpatrick,david johnson,jeremy hill,carlos hyde,allen robinson,mike wallace,steve smith,greg olsen,tennessee,
tom brady,demarco murray,carlos hyde,rashad jennings,brandon marshall,deandre hopkins,mike wallace,tyler eifert,new orleans,
tom brady,david johnson,devonta freeman,thomas rawls,brandon marshall,deandre hopkins,mike wallace,gary barnidge,cincinnati,
ryan fitzpatrick,david johnson,devonta freeman,tevin coleman,amari cooper,allen robinson,kelvin benjamin,gary barnidge,new orleans,
blake bortles,david johnson,devonta freeman,carlos hyde,amari cooper,kelvin benjamin,steve smith,gary barnidge,cincinnati,
cam newton,david johnson,devonta freeman,jeremy hill,brandon marshall,mike wallace,tyler boyd,greg olsen,cincinnati,
blake bortles,david johnson,devonta freeman,tevin coleman,allen robinson,deandre hopkins,mike wallace,tyler eifert,denver,
ryan fitzpatrick,david johnson,jeremy hill,isaiah crowell,allen robinson,kelvin benjamin,deandre hopkins,greg olsen,tennessee,
tom brady,devonta freeman,carlos hyde,thomas rawls,amari cooper,allen robinson,deandre hopkins,gary barnidge,new orleans,
cam newton,jeremy hill,carlos hyde,rashad jennings,amari cooper,allen robinson,deandre hopkins,greg olsen,new orleans,
ryan fitzpatrick,david johnson,devonta freeman,jeremy hill,amari cooper,deandre hopkins,mike wallace,travis kelce,tennessee,
tom brady,david johnson,rashad jennings,tevin coleman,allen robinson,deandre hopkins,mike wallace,gary barnidge,tennessee,
tom brady,david johnson,thomas rawls,allen robinson,brandon marshall,deandre hopkins,mike wallace,gary barnidge,cincinnati,
blake bortles,david johnson,thomas rawls,tevin coleman,allen robinson,rishard matthews,mike wallace,greg olsen,tennessee,
cam newton,david johnson,devonta freeman,jeremy hill,kelvin benjamin,brandon marshall,deandre hopkins,gary barnidge,denver,
tom brady,devonta freeman,jeremy hill,todd gurley,allen robinson,brandon marshall,mike wallace,travis kelce,denver,
blake bortles,david johnson,jeremy hill,carlos hyde,terrelle pryor,kelvin benjamin,deandre hopkins,greg olsen,cincinnati,
tom brady,demarco murray,devonta freeman,jeremy hill,brandon marshall,deandre hopkins,mike wallace,travis kelce,san diego,
tom brady,david johnson,devonta freeman,thomas rawls,deandre hopkins,mike wallace,steve smith,charles clay,cincinnati,
tom brady,devonta freeman,carlos hyde,isaiah crowell,amari cooper,deandre hopkins,mike wallace,tyler eifert,tennessee,
tom brady,devonta freeman,carlos hyde,doug martin,allen robinson,brandon marshall,deandre hopkins,travis kelce,denver,
tom brady,david johnson,jeremy hill,rashad jennings,brandon marshall,deandre hopkins,mike wallace,gary barnidge,denver,
ryan fitzpatrick,david johnson,rashad jennings,tevin coleman,amari cooper,deandre hopkins,mike wallace,greg olsen,tennessee,
david johnson,devonta freeman,allen robinson,brandon marshall,deandre hopkins,mike wallace,greg olsen,tennessee,
cam newton,david johnson,jeremy hill,rashad jennings,brandon marshall,deandre hopkins,mike wallace,greg olsen,cincinnati,
tom brady,jeremy hill,carlos hyde,rashad jennings,amari cooper,kelvin benjamin,kenny britt,tyler eifert,new orleans,
blake bortles,david johnson,jeremy hill,tevin coleman,amari cooper,allen robinson,terrelle pryor,tyler eifert,cincinnati,
ryan fitzpatrick,david johnson,devonta freeman,jeremy hill,amari cooper,brandon marshall,kenny britt,travis kelce,tennessee,
blake bortles,david johnson,rashad jennings,allen robinson,brandon marshall,deandre hopkins,steve smith,greg olsen,tennessee,
blake bortles,david johnson,jeremy hill,tevin coleman,allen robinson,terrelle pryor,deandre hopkins,greg olsen,tennessee,
blake bortles,david johnson,devonta freeman,carlos hyde,allen robinson,deandre hopkins,mike wallace,tyler eifert,cincinnati,
cam newton,david johnson,devonta freeman,tevin coleman,allen robinson,kelvin benjamin,deandre hopkins,charles clay,new orleans,
ryan fitzpatrick,david johnson,devonta freeman,jeremy hill,allen robinson,deandre hopkins,mike wallace,greg olsen,cincinnati,
cam newton,david johnson,devonta freeman,tevin coleman,brandon marshall,mike wallace,steve smith,greg olsen,cincinnati,
tom brady,devonta freeman,rashad jennings,tevin coleman,allen robinson,kelvin benjamin,brandon marshall,greg olsen,new orleans,
tom brady,devonta freeman,jeremy hill,rashad jennings,allen robinson,mike wallace,steve smith,greg olsen,tennessee,
tom brady,rashad jennings,thomas rawls,tevin coleman,amari cooper,terrelle pryor,steve smith,greg olsen,tennessee,
cam newton,devonta freeman,jeremy hill,thomas rawls,amari cooper,kelvin benjamin,mike wallace,greg olsen,new orleans,
tom brady,devonta freeman,carlos hyde,tevin coleman,amari cooper,deandre hopkins,mike wallace,greg olsen,cincinnati,
tom brady,carlos hyde,thomas rawls,isaiah crowell,amari cooper,allen robinson,deandre hopkins,travis kelce,tennessee,
blake bortles,devonta freeman,jeremy hill,carlos hyde,amari cooper,allen robinson,kelvin benjamin,greg olsen,new orleans,
tom brady,melvin gordon,carlos hyde,thomas rawls,brandon marshall,deandre hopkins,mike wallace,tyler eifert,tennessee,
cam newton,david johnson,devonta freeman,jeremy hill,allen robinson,terrelle pryor,brandon marshall,charles clay,cincinnati,
tom brady,devonta freeman,rashad jennings,thomas rawls,amari cooper,kelvin benjamin,steve smith,tyler eifert,cincinnati,
tom brady,demarco murray,jeremy hill,thomas rawls,allen robinson,deandre hopkins,mike wallace,travis kelce,tennessee,
blake bortles,david johnson,jeremy hill,tevin coleman,amari cooper,allen robinson,terrelle pryor,tyler eifert,cincinnati,
blake bortles,devonta freeman,carlos hyde,rashad jennings,amari cooper,allen robinson,terrelle pryor,greg olsen,cincinnati,

3298.88,76.4223
tom brady,jeremy hill,rashad jennings,amari cooper,allen robinson,brandon marshall,deandre hopkins,tyler eifert,san diego,
tom brady,devonta freeman,thomas rawls,devontae booker,amari cooper,terrelle pryor,deandre hopkins,travis kelce,tennessee,
ryan fitzpatrick,david johnson,devonta freeman,devontae booker,amari cooper,allen robinson,mike wallace,gary barnidge,tennessee,
blake bortles,david johnson,jeremy hill,rashad jennings,allen robinson,mike wallace,steve smith,greg olsen,tennessee,
tom brady,demarco murray,carlos hyde,rashad jennings,brandon marshall,deandre hopkins,mike wallace,travis kelce,san diego,
tom brady,david johnson,devonta freeman,rashad jennings,brandon marshall,deandre hopkins,mike wallace,gary barnidge,cincinnati,
blake bortles,david johnson,devonta freeman,tevin coleman,amari cooper,allen robinson,steve smith,gary barnidge,new orleans,
blake bortles,david johnson,devonta freeman,tevin coleman,amari cooper,terrelle pryor,kelvin benjamin,gary barnidge,new orleans,
blake bortles,david johnson,devonta freeman,jeremy hill,kelvin benjamin,brandon marshall,mike wallace,greg olsen,cincinnati,
ryan fitzpatrick,david johnson,devonta freeman,carlos hyde,allen robinson,deandre hopkins,mike wallace,travis kelce,new orleans,
ryan fitzpatrick,david johnson,jeremy hill,carlos hyde,allen robinson,deandre hopkins,steve smith,greg olsen,tennessee,
tom brady,devonta freeman,rashad jennings,doug martin,amari cooper,allen robinson,deandre hopkins,charles clay,new orleans,
tom brady,jeremy hill,rashad jennings,tevin coleman,amari cooper,allen robinson,deandre hopkins,greg olsen,new orleans,
aaron rodgers,david johnson,devonta freeman,jeremy hill,deandre hopkins,mike wallace,kenny britt,charles clay,tennessee,
tom brady,david johnson,carlos hyde,tevin coleman,allen robinson,deandre hopkins,mike wallace,charles clay,tennessee,
tom brady,david johnson,doug martin,allen robinson,brandon marshall,deandre hopkins,mike wallace,charles clay,cincinnati,
blake bortles,david johnson,thomas rawls,tevin coleman,allen robinson,rishard matthews,mike wallace,greg olsen,tennessee,
cam newton,david johnson,devonta freeman,jeremy hill,amari cooper,brandon marshall,deandre hopkins,charles clay,cincinnati,
tom brady,devonta freeman,jeremy hill,amari cooper,allen robinson,brandon marshall,mike wallace,travis kelce,new orleans,
cam newton,david johnson,jeremy hill,tevin coleman,kelvin benjamin,deandre hopkins,steve smith,greg olsen,new orleans,
tom brady,devonta freeman,jeremy hill,amari cooper,brandon marshall,deandre hopkins,mike wallace,tyler eifert,denver,
blake bortles,david johnson,devonta freeman,carlos hyde,amari cooper,deandre hopkins,mike wallace,gary barnidge,new orleans,
tom brady,devonta freeman,carlos hyde,isaiah crowell,amari cooper,deandre hopkins,mike wallace,tyler eifert,tennessee,
tom brady,devonta freeman,thomas rawls,amari cooper,allen robinson,brandon marshall,deandre hopkins,tyler eifert,cincinnati,
tom brady,david johnson,jeremy hill,rashad jennings,brandon marshall,deandre hopkins,mike wallace,tyler eifert,cincinnati,
ryan fitzpatrick,david johnson,carlos hyde,tevin coleman,amari cooper,deandre hopkins,mike wallace,greg olsen,tennessee,
david johnson,devonta freeman,allen robinson,brandon marshall,deandre hopkins,mike wallace,greg olsen,tennessee,
marcus mariota,david johnson,jeremy hill,thomas rawls,brandon marshall,deandre hopkins,mike wallace,greg olsen,cincinnati,
tom brady,jeremy hill,rashad jennings,thomas rawls,amari cooper,terrelle pryor,kelvin benjamin,tyler eifert,new orleans,
blake bortles,david johnson,jeremy hill,thomas rawls,amari cooper,allen robinson,kelvin benjamin,gary barnidge,new orleans,
aaron rodgers,david johnson,devonta freeman,jeremy hill,kelvin benjamin,brandon marshall,steve smith,charles clay,tennessee,
blake bortles,david johnson,rashad jennings,allen robinson,brandon marshall,deandre hopkins,steve smith,greg olsen,tennessee,
ryan fitzpatrick,david johnson,jeremy hill,isaiah crowell,allen robinson,kelvin benjamin,deandre hopkins,greg olsen,tennessee,
cam newton,david johnson,devonta freeman,rashad jennings,allen robinson,deandre hopkins,mike wallace,gary barnidge,cincinnati,
blake bortles,david johnson,devonta freeman,tevin coleman,amari cooper,allen robinson,deandre hopkins,gary barnidge,new orleans,
matt barkley,david johnson,devonta freeman,jeremy hill,allen robinson,deandre hopkins,mike wallace,greg olsen,green bay,
blake bortles,david johnson,devonta freeman,tevin coleman,kelvin benjamin,brandon marshall,mike wallace,greg olsen,san diego,
tom brady,devonta freeman,rashad jennings,tevin coleman,allen robinson,terrelle pryor,brandon marshall,greg olsen,new orleans,
tom brady,devonta freeman,jeremy hill,carlos hyde,allen robinson,mike wallace,steve smith,greg olsen,tennessee,
tom brady,rashad jennings,thomas rawls,tevin coleman,amari cooper,kelvin benjamin,kenny britt,greg olsen,tennessee,
cam newton,devonta freeman,jeremy hill,doug martin,amari cooper,kelvin benjamin,mike wallace,greg olsen,new orleans,
tom brady,devonta freeman,rashad jennings,thomas rawls,deandre hopkins,mike wallace,steve smith,greg olsen,denver,
tom brady,rashad jennings,thomas rawls,doug martin,amari cooper,allen robinson,deandre hopkins,travis kelce,tennessee,
blake bortles,devonta freeman,jeremy hill,rashad jennings,amari cooper,allen robinson,kelvin benjamin,greg olsen,san diego,
tom brady,melvin gordon,carlos hyde,rashad jennings,brandon marshall,deandre hopkins,mike wallace,travis kelce,tennessee,
tom brady,david johnson,devonta freeman,jeremy hill,allen robinson,brandon marshall,tyler boyd,charles clay,cincinnati,
tom brady,devonta freeman,rashad jennings,thomas rawls,amari cooper,terrelle pryor,kelvin benjamin,gary barnidge,new orleans,
tom brady,jeremy hill,rashad jennings,amari cooper,allen robinson,deandre hopkins,mike wallace,tyler eifert,tennessee,
blake bortles,david johnson,jeremy hill,tevin coleman,amari cooper,allen robinson,terrelle pryor,tyler eifert,cincinnati,
blake bortles,devonta freeman,carlos hyde,rashad jennings,amari cooper,allen robinson,terrelle pryor,greg olsen,cincinnati,

3278.32,75.3017
tom brady,jeremy hill,thomas rawls,amari cooper,allen robinson,brandon marshall,deandre hopkins,travis kelce,denver,
tom brady,devonta freeman,carlos hyde,rashad jennings,amari cooper,deandre hopkins,steve smith,travis kelce,tennessee,
blake bortles,david johnson,devonta freeman,rashad jennings,allen robinson,mike wallace,steve smith,travis kelce,tennessee,
ryan fitzpatrick,david johnson,jeremy hill,rashad jennings,allen robinson,mike wallace,kenny britt,greg olsen,tennessee,
tom brady,melvin gordon,rashad jennings,thomas rawls,brandon marshall,deandre hopkins,mike wallace,tyler eifert,new orleans,
cam newton,david johnson,devonta freeman,rashad jennings,brandon marshall,deandre hopkins,mike wallace,tyler eifert,cincinnati,
blake bortles,david johnson,devonta freeman,tevin coleman,amari cooper,allen robinson,terrelle pryor,gary barnidge,cincinnati,
blake bortles,david johnson,devonta freeman,rashad jennings,amari cooper,terrelle pryor,steve smith,charles clay,cincinnati,
ryan fitzpatrick,david johnson,devonta freeman,jeremy hill,brandon marshall,mike wallace,steve smith,greg olsen,denver,
blake bortles,david johnson,devonta freeman,tevin coleman,allen robinson,deandre hopkins,mike wallace,tyler eifert,denver,
ryan fitzpatrick,david johnson,jeremy hill,thomas rawls,allen robinson,kelvin benjamin,deandre hopkins,greg olsen,tennessee,
tom brady,devonta freeman,rashad jennings,thomas rawls,amari cooper,allen robinson,deandre hopkins,gary barnidge,new orleans,
cam newton,jeremy hill,carlos hyde,rashad jennings,amari cooper,allen robinson,deandre hopkins,greg olsen,new orleans,
aaron rodgers,david johnson,devonta freeman,jeremy hill,deandre hopkins,mike wallace,kenny britt,gary barnidge,tennessee,
tom brady,david johnson,rashad jennings,tevin coleman,allen robinson,deandre hopkins,mike wallace,gary barnidge,tennessee,
tom brady,david johnson,doug martin,allen robinson,brandon marshall,deandre hopkins,mike wallace,charles clay,cincinnati,
blake bortles,david johnson,carlos hyde,tevin coleman,allen robinson,mike wallace,kenny britt,greg olsen,tennessee,
ryan fitzpatrick,david johnson,devonta freeman,jeremy hill,amari cooper,brandon marshall,deandre hopkins,tyler eifert,new orleans,
tom brady,devonta freeman,jeremy hill,amari cooper,allen robinson,brandon marshall,mike wallace,tyler eifert,cincinnati,
cam newton,david johnson,jeremy hill,tevin coleman,kelvin benjamin,deandre hopkins,steve smith,greg olsen,new orleans,
tom brady,melvin gordon,devonta freeman,jeremy hill,brandon marshall,deandre hopkins,mike wallace,charles clay,denver,
blake bortles,david johnson,devonta freeman,carlos hyde,amari cooper,deandre hopkins,mike wallace,charles clay,new orleans,
tom brady,devonta freeman,thomas rawls,doug martin,amari cooper,deandre hopkins,mike wallace,tyler eifert,tennessee,
tom brady,devonta freeman,carlos hyde,thomas rawls,allen robinson,brandon marshall,deandre hopkins,travis kelce,denver,
tom brady,david johnson,jeremy hill,rashad jennings,brandon marshall,deandre hopkins,mike wallace,travis kelce,cincinnati,
ryan fitzpatrick,david johnson,rashad jennings,tevin coleman,amari cooper,deandre hopkins,mike wallace,greg olsen,tennessee,
david johnson,devonta freeman,allen robinson,brandon marshall,deandre hopkins,mike wallace,greg olsen,tennessee,
cam newton,david johnson,jeremy hill,devontae booker,brandon marshall,deandre hopkins,mike wallace,greg olsen,new orleans,
tom brady,jeremy hill,rashad jennings,thomas rawls,amari cooper,kelvin benjamin,steve smith,tyler eifert,denver,
ryan fitzpatrick,david johnson,jeremy hill,carlos hyde,amari cooper,allen robinson,kelvin benjamin,gary barnidge,new orleans,
tom brady,david johnson,devonta freeman,jeremy hill,terrelle pryor,brandon marshall,tyler boyd,charles clay,tennessee,
ryan fitzpatrick,david johnson,thomas rawls,doug martin,allen robinson,brandon marshall,deandre hopkins,greg olsen,tennessee,
blake bortles,david johnson,jeremy hill,doug martin,allen robinson,deandre hopkins,steve smith,greg olsen,tennessee,
cam newton,david johnson,devonta freeman,doug martin,allen robinson,deandre hopkins,mike wallace,gary barnidge,cincinnati,
blake bortles,david johnson,devonta freeman,tevin coleman,allen robinson,terrelle pryor,deandre hopkins,tyler eifert,new orleans,
ryan fitzpatrick,david johnson,devonta freeman,jeremy hill,allen robinson,deandre hopkins,mike wallace,greg olsen,jacksonville,
blake bortles,david johnson,devonta freeman,rashad jennings,brandon marshall,mike wallace,kenny britt,greg olsen,cincinnati,
aaron rodgers,devonta freeman,thomas rawls,tevin coleman,amari cooper,allen robinson,brandon marshall,greg olsen,cincinnati,
tom brady,devonta freeman,jeremy hill,devontae booker,allen robinson,kelvin benjamin,mike wallace,greg olsen,tennessee,
tom brady,rashad jennings,thomas rawls,tevin coleman,amari cooper,kelvin benjamin,kenny britt,greg olsen,tennessee,
tom brady,devonta freeman,jeremy hill,tevin coleman,amari cooper,terrelle pryor,mike wallace,greg olsen,cincinnati,
tom brady,devonta freeman,carlos hyde,tevin coleman,amari cooper,deandre hopkins,mike wallace,greg olsen,cincinnati,
tom brady,carlos hyde,thomas rawls,devontae booker,amari cooper,allen robinson,deandre hopkins,tyler eifert,tennessee,
tom brady,devonta freeman,jeremy hill,rashad jennings,allen robinson,kelvin benjamin,steve smith,greg olsen,cincinnati,
tom brady,melvin gordon,carlos hyde,thomas rawls,brandon marshall,deandre hopkins,mike wallace,travis kelce,tennessee,
ryan fitzpatrick,david johnson,devonta freeman,jeremy hill,amari cooper,allen robinson,brandon marshall,charles clay,new orleans,
tom brady,devonta freeman,rashad jennings,thomas rawls,amari cooper,terrelle pryor,steve smith,travis kelce,cincinnati,
tom brady,jeremy hill,todd gurley,amari cooper,allen robinson,deandre hopkins,mike wallace,tyler eifert,tennessee,
cam newton,david johnson,jeremy hill,tevin coleman,amari cooper,allen robinson,steve smith,gary barnidge,new orleans,
blake bortles,devonta freeman,rashad jennings,thomas rawls,amari cooper,allen robinson,kelvin benjamin,greg olsen,new orleans,

3151.87,66.2906
tom brady,jeremy hill,thomas rawls,amari cooper,allen robinson,brandon marshall,deandre hopkins,tyler eifert,denver,
tom brady,devonta freeman,carlos hyde,tevin coleman,amari cooper,terrelle pryor,deandre hopkins,tyler eifert,tennessee,
blake bortles,david johnson,devonta freeman,rashad jennings,allen robinson,mike wallace,steve smith,travis kelce,tennessee,
ryan fitzpatrick,david johnson,jeremy hill,isaiah crowell,allen robinson,kelvin benjamin,mike wallace,greg olsen,tennessee,
tom brady,demarco murray,carlos hyde,rashad jennings,brandon marshall,deandre hopkins,mike wallace,travis kelce,san diego,
cam newton,david johnson,devonta freeman,rashad jennings,brandon marshall,deandre hopkins,mike wallace,tyler eifert,cincinnati,
blake bortles,david johnson,devonta freeman,tevin coleman,amari cooper,allen robinson,steve smith,gary barnidge,new orleans,
blake bortles,david johnson,devonta freeman,rashad jennings,amari cooper,terrelle pryor,steve smith,charles clay,cincinnati,
blake bortles,david johnson,devonta freeman,jeremy hill,brandon marshall,mike wallace,kenny britt,greg olsen,new orleans,
cam newton,david johnson,devonta freeman,rashad jennings,allen robinson,deandre hopkins,mike wallace,charles clay,cincinnati,
blake bortles,david johnson,jeremy hill,thomas rawls,allen robinson,deandre hopkins,steve smith,greg olsen,tennessee,
tom brady,devonta freeman,rashad jennings,tevin coleman,amari cooper,allen robinson,deandre hopkins,travis kelce,new orleans,
tom brady,jeremy hill,doug martin,tevin coleman,amari cooper,allen robinson,deandre hopkins,greg olsen,new orleans,
ryan fitzpatrick,david johnson,devonta freeman,jeremy hill,amari cooper,deandre hopkins,mike wallace,tyler eifert,tennessee,
tom brady,david johnson,carlos hyde,tevin coleman,allen robinson,deandre hopkins,mike wallace,charles clay,tennessee,
aaron rodgers,david johnson,thomas rawls,allen robinson,brandon marshall,deandre hopkins,mike wallace,gary barnidge,new orleans,
blake bortles,david johnson,carlos hyde,tevin coleman,allen robinson,mike wallace,kenny britt,greg olsen,tennessee,
cam newton,david johnson,devonta freeman,jeremy hill,kelvin benjamin,brandon marshall,deandre hopkins,gary barnidge,denver,
tom brady,demarco murray,devonta freeman,jeremy hill,allen robinson,brandon marshall,mike wallace,charles clay,san diego,
blake bortles,david johnson,jeremy hill,carlos hyde,terrelle pryor,deandre hopkins,steve smith,greg olsen,new orleans,
tom brady,demarco murray,devonta freeman,jeremy hill,brandon marshall,deandre hopkins,mike wallace,travis kelce,san diego,
blake bortles,david johnson,devonta freeman,carlos hyde,amari cooper,deandre hopkins,mike wallace,gary barnidge,new orleans,
tom brady,devonta freeman,carlos hyde,isaiah crowell,amari cooper,deandre hopkins,mike wallace,tyler eifert,tennessee,
tom brady,devonta freeman,thomas rawls,amari cooper,allen robinson,brandon marshall,deandre hopkins,tyler eifert,cincinnati,
tom brady,david johnson,jeremy hill,rashad jennings,brandon marshall,deandre hopkins,mike wallace,gary barnidge,denver,
blake bortles,david johnson,carlos hyde,thomas rawls,kelvin benjamin,deandre hopkins,mike wallace,greg olsen,tennessee,
david johnson,devonta freeman,allen robinson,brandon marshall,deandre hopkins,mike wallace,greg olsen,tennessee,
cam newton,david johnson,jeremy hill,devontae booker,brandon marshall,deandre hopkins,mike wallace,greg olsen,new orleans,
tom brady,jeremy hill,rashad jennings,doug martin,amari cooper,terrelle pryor,kelvin benjamin,travis kelce,new orleans,
blake bortles,david johnson,jeremy hill,thomas rawls,amari cooper,allen robinson,kelvin benjamin,gary barnidge,new orleans,
cam newton,david johnson,devonta freeman,jeremy hill,terrelle pryor,kelvin benjamin,brandon marshall,charles clay,tennessee,
ryan fitzpatrick,david johnson,rashad jennings,doug martin,allen robinson,brandon marshall,deandre hopkins,greg olsen,tennessee,
ryan fitzpatrick,david johnson,jeremy hill,devontae booker,allen robinson,terrelle pryor,deandre hopkins,greg olsen,tennessee,
blake bortles,david johnson,devonta freeman,carlos hyde,allen robinson,deandre hopkins,mike wallace,gary barnidge,denver,
cam newton,david johnson,devonta freeman,tevin coleman,allen robinson,kelvin benjamin,deandre hopkins,charles clay,new orleans,
matt barkley,david johnson,devonta freeman,jeremy hill,allen robinson,deandre hopkins,mike wallace,greg olsen,green bay,
blake bortles,david johnson,devonta freeman,tevin coleman,kelvin benjamin,brandon marshall,mike wallace,greg olsen,san diego,
cam newton,devonta freeman,carlos hyde,tevin coleman,amari cooper,allen robinson,brandon marshall,greg olsen,new orleans,
aaron rodgers,devonta freeman,jeremy hill,rashad jennings,allen robinson,kelvin benjamin,mike wallace,greg olsen,tennessee,
tom brady,rashad jennings,thomas rawls,tevin coleman,amari cooper,kelvin benjamin,kenny britt,greg olsen,tennessee,
tom brady,devonta freeman,jeremy hill,thomas rawls,terrelle pryor,kelvin benjamin,mike wallace,greg olsen,new orleans,
tom brady,devonta freeman,rashad jennings,thomas rawls,kelvin benjamin,deandre hopkins,mike wallace,greg olsen,new orleans,
tom brady,rashad jennings,thomas rawls,isaiah crowell,amari cooper,allen robinson,deandre hopkins,tyler eifert,tennessee,
blake bortles,devonta freeman,jeremy hill,rashad jennings,amari cooper,allen robinson,kelvin benjamin,greg olsen,san diego,
tom brady,melvin gordon,carlos hyde,thomas rawls,brandon marshall,deandre hopkins,mike wallace,travis kelce,tennessee,
cam newton,david johnson,devonta freeman,jeremy hill,allen robinson,kelvin benjamin,brandon marshall,gary barnidge,cincinnati,
tom brady,devonta freeman,rashad jennings,thomas rawls,amari cooper,kelvin benjamin,rishard matthews,gary barnidge,new orleans,
tom brady,jeremy hill,carlos hyde,amari cooper,allen robinson,deandre hopkins,mike wallace,tyler eifert,tennessee,
tom brady,david johnson,jeremy hill,tevin coleman,allen robinson,kelvin benjamin,steve smith,gary barnidge,new orleans,
cam newton,devonta freeman,thomas rawls,tevin coleman,amari cooper,allen robinson,terrelle pryor,greg olsen,cincinnati,

